name,city,sector
2m Kablo Sanayi ve Ticaret A.Ş.,Tekirdağ,Elektronik
3BFAB Teknoloji Anonim Şirketi,İstanbul,Makine ve Teçhizat İmalatı
3E Elektro Optik Sistemler Sanayi ve Ticaret Anonim Şirketi,Ankara,Savunma Sanayi
3EN Savunma ve Havacılık Sistemleri A.Ş.,Ankara,Savunma Sanayi
3-S Mühendislik Müşavirlik San. ve Tic. A.Ş.,Düzce,Kimya
4A Labs Teknoloji Bilişim ve Görsel Danışmanlık Sanayi ve Ticaret A.Ş.,Ankara,Bilgisayar ve İletişim Teknolojileri
Abalıoğlu Lezita Gıda Sanayi A.Ş.,İzmir,Gıda Sanayi
Abc Deterjan San. ve Tic. A.Ş.,Osmaniye,Kozmetik ve Temizlik Ürünleri
Abdi İbrahim İlaç Sanayi ve Ticaret A.Ş. (Abdibio Şubesi),İstanbul,İlaç
Abdi İbrahim İlaç Sanayi ve Ticaret A.Ş. (Esenyurt Şubesi),İstanbul,İlaç
Abdulkadir Özcan Otomotiv Lastik Sanayi Ve Ticaret Anonim Şirketi,Çankırı,Otomotiv Yan Sanayi
Achitex Minerva Kimya Ltd. Şti.,İstanbul,Kimya
Acıbadem Teknoloji Anonim Şirketi,İstanbul,Yazılım
Adel Kalemcilik Ticaret Ve Sanayi Anonim Şirketi,Kocaeli,Kimya
Adesso Turkey Bilgi Teknolojileri Ltd. Şti.,İstanbul,Bilgisayar ve İletişim Teknolojileri
Adm Elektrik Dağıtım Anonim Şirketi,Denizli,Enerji
"Adresgezgini Yazılım, Bilişim, İletişim ve Reklam Hizmetleri San. ve Tic. A.Ş.",İzmir,Bilgisayar ve İletişim Teknolojileri
Adrossen Tarım San. Ve Tic. A.Ş.,Antalya,Tarım
Aep Anadolu Etap Penkon Gıda ve Tarım Ürünleri San. ve Tic. A.Ş.,Balıkesir,Tarım
AGM Teknoloji Yatırım Sanayi Ticaret A.Ş.,İstanbul,Telekomünikasyon
AGRA Fintech Yazılım Çözümleri A.Ş.,İstanbul,Yazılım
Agromar Marmara Tarım Ürünleri San. ve Tic. A.Ş.,Bursa,Tarım
Ağaoğlu Tekstil San. ve Tic. A.Ş.,Uşak,Tekstil
Ağteks Örme Ve Tekstil Endüstrileri Sanayi Ve Ticaret Limited Şirketi,İstanbul,Makine ve Teçhizat İmalatı
Airties Kablosuz İletişim San. ve Dış Ticaret A.Ş. (İzmir),İzmir,Telekomünikasyon
Airties Kablosuz İletişim Sanayi ve Dış Ticaret A.Ş. (İstanbul),İstanbul,Bilgisayar ve İletişim Teknolojileri
Ak Doruk Makine İnşaat Nakliye San. Ve Tic. Ltd. Şti.,Bursa,Otomotiv Yan Sanayi
Ak Gıda San. Tic. A.Ş.,Sakarya,Gıda Sanayi
Aka Otomotiv Sanayi Ve Ticaret A.Ş.,Bursa,Otomotiv Yan Sanayi
Akademi Çevre Entegre Atık Yönetimi Endüstri Anonim Şirketi,İstanbul,Geri Dönüşüm
Akana Mühendislik ve Ticaret A.Ş.,Ankara,Savunma Sanayi
Akbaşlar Tekstil Enerji San. ve Tic. A.Ş.,Bursa,Tekstil
Akcoat İleri Kimyasal Kaplama Malzemeleri San. ve Tic. A.Ş.,Sakarya,Kimya
Akdaş Döküm San. Ve Tic. A.Ş.,Ankara,Dökümcülük
Akdaş Silah Anonim Şirketi,Konya,İmalat Sanayi
Akdeniz Chemson Kimya San. Ve Tic. A.Ş.,İzmir,Kimya
Ake Asansör Mlz. Paz. Ltd. Şti.,Antalya,Makine ve Teçhizat İmalatı
Akedaş Elektrik Dağıtım Anonim Şirketi,Kahramanmaraş,Enerji
Akgün Bilgisayar Program Ve Hizmetleri Sanayi Ticaret Anonim Şirketi,Ankara,Yazılım
Akım Metal Sanayi Ve Ticaret A.Ş.,İstanbul,İmalat Sanayi
Akın Yazılım Bilgisayar İthalat İhracat Sanayi ve Ticaret Limited Şirketi,Konya,Makine ve Teçhizat İmalatı
Akkim Kimya Sanayi ve Ticaret A.Ş.,Yalova,Kimya
Akkim Yapı Kimyasalları San. ve Tic. A.Ş.,İstanbul,Kimya
Akko Makina Sanayi ve Ticaret Anonim Şirketi,Konya,Makine ve Teçhizat İmalatı
Akpa Kimya Ambalaj San. ve Tic. A.Ş.,Tekirdağ,Kimya
Ak-Pres Metal Yedek Parça Makine Sanayi ve Ticaret Anonim Şirketi,Sakarya,Otomotiv Yan Sanayi
Aksa Akrilik Kimya San. A.Ş.,Yalova,Tekstil
Aksa Jeneratör San. A.Ş.,Tekirdağ,Enerji
Aksuvital Doğal Ürünler Gıda San. Ve Tic. A.Ş.,İstanbul,Gıda Sanayi
Aktaş Hava Süspansiyon Sistemleri Sanayi ve Ticaret A.Ş.,Bursa,Otomotiv Yan Sanayi
Aktif Yatırım Bankası A.Ş.,İstanbul,Bankacılık ve Finans
Akyapak Uluslararası Dış Tic. Makina San. ve Tic. A.Ş.,Bursa,Makine ve Teçhizat İmalatı
Akzo Nobel Server Boya Sanayi ve Ticaret Anonim Şirketi,Kocaeli,Kimya
Akzonobel Kemipol A.Ş.,İzmir,Kimya
Alapala Makina Gıda San. ve Tic. A.Ş.,Çorum,Makine ve Teçhizat İmalatı
Alarko Carrier Sanayi ve Ticaret A.Ş.,Kocaeli,İklimlendirme
Alfa Kimya Anonim Şirketi,İstanbul,Kimya
Algoritma Donanım ve Yazılım Anonim Şirketi,İstanbul,Yazılım
Alışan Lojistik A.Ş. (İstanbul),İstanbul,Ulaştırma ve Lojistik
Ali Raif İlaç Sanayi A.Ş.,İstanbul,İlaç
Alkın Kompresör San. ve Tic. Ltd. Şti.,İzmir,Makine ve Teçhizat İmalatı
Al-kor Makine Kalıp Sanayi Ve Ticaret A.Ş.,İstanbul,Otomotiv Yan Sanayi
Almaxtex Tekstil Sanayi ve Ticaret A.Ş.,Bursa,Tekstil
AloTech İletişim Teknolojileri Ticaret A.Ş.,İstanbul,Yazılım
Alp Havacılık Sanayi ve Ticaret A.Ş.,Eskişehir,Havacılık
Alpler Ziraat Aletleri San. ve Tic. A.Ş.,Aydın,Makine ve Teçhizat İmalatı
Alpplas Endüstriyel Yatırımlar A.Ş.,İstanbul,Elektronik
Altan Hidrolik Mühendislik San. ve Tic. A.Ş.,İstanbul,Makine ve Teçhizat İmalatı
Altay Yazılım Savunma Endüstriyel Sanayi ve Ticaret A.Ş.,Ankara,Yazılım
Altınay Robot Teknolojileri San.ve Tic. A.Ş.,İstanbul,Makine ve Teçhizat İmalatı
Altıparmak Gıda San. ve Tic. A.Ş.,İstanbul,Gıda Sanayi
Altium International Laboratuvar Cihazları A.Ş.,İstanbul,Kimya
Amadeus Bilgi Teknolojisi Hizmetleri Anonim Şirketi,İstanbul,Yazılım
Amatis Bilgi Teknolojileri Anonim Şirketi,İzmir,Yazılım
Anadolu Ajansı Türk A.Ş.,Ankara,Medya ve İletişim
Anadolu Anonim Türk Sigorta Şirketi,İstanbul,Bankacılık ve Finans
Anadolu Etap Penkon Gıda ve İçecek Ürünleri Sanayi ve Ticaret Anonim Şirketi,Mersin,Gıda Sanayi
Anadolu Isuzu Otomotiv Sanayi ve Ticaret A.Ş.,Kocaeli,Otomotiv
Anadolu Motor Üretim ve Pazarlama A.Ş.,Kocaeli,Makine ve Teçhizat İmalatı
Analythinx Bilişim Hizmetleri Ticaret Anonim Şirketi,İstanbul,Yazılım
Anamas Tarım Üretim Pazarlama San. Tic. Ltd. Şti.,Antalya,Tarım
Anatolia Tanı Ve Biyoteknoloji Ürünleri Araştırma Geliştirme Sanayi Ve Ticaret A.Ş.,İstanbul,Sağlık
Andromeda Tv Dijital Platform İşletmeciliği A.Ş.,İstanbul,Medya ve İletişim
Angst Pfister Gelişmiş Teknik Çözümler A.Ş.,Bursa,Otomotiv Yan Sanayi
Ankara Seramik Porselen Sanayi ve Ticaret A.Ş.,Ankara,Seramik ve Refrakter
Ankutsan Antalya Kutu Sanayi Oluklu Mukavva Kağıt Ticaret A.Ş.,Antalya,Kağıt ve Kağıt Ürünleri
Anlaş Anadolu Lastik Sanayi ve Ticaret Anonim Şirketi,Düzce,Lastik-Plastik-Kauçuk
Antalya Tarım Üretim Danışmanlık ve Pazarlama A.Ş.,Antalya,Tarım
A-plas Genel Otomotiv Mamülleri San. ve Tic. A.Ş.,Bursa,Otomotiv Yan Sanayi
Apsiyon Bilişim Sistemleri Sanayi ve Ticaret A.Ş.,İstanbul,Yazılım
Arabam Com İnternet ve Bilgi Hizmetleri Anonim Şirketi,İstanbul,Bilgisayar ve İletişim Teknolojileri
Archem Sağlık Sanayi ve Ticaret A.Ş.,İstanbul,Sağlık
"Arçelik A.Ş. (Dijital Dönüşüm, Büyük Veri Ve Yapay Zeka)",İstanbul,Dayanıklı Tüketim Malları
Arçelik A.Ş. (ODTÜ Teknokent),Ankara,Dayanıklı Tüketim Malları
Arçelik A.Ş. Ar-Ge Direktörlüğü,İstanbul,Dayanıklı Tüketim Malları
Arçelik A.Ş. Bulaşık Makinası İşletmesi,Ankara,Dayanıklı Tüketim Malları
Arçelik A.Ş. Buzdolabı Ve Kompresör İşletmesi,Eskişehir,Dayanıklı Tüketim Malları
Arçelik A.Ş. Elektronik İşletmesi,Tekirdağ,Elektronik
Arçelik A.Ş. Kurutma Makinası İşletmesi,Tekirdağ,Dayanıklı Tüketim Malları
Arçelik A.Ş. Küçük Ev Aletleri İşletmesi,İstanbul,Dayanıklı Tüketim Malları
Arçelik A.Ş. Manisa İşletmesi,Manisa,Dayanıklı Tüketim Malları
Arçelik A.Ş. Pişirici Cihazlar İşletmesi,Bolu,Dayanıklı Tüketim Malları
Arçelik A.Ş. Üretim Teknolojileri,İstanbul,Dayanıklı Tüketim Malları
Arçelik-LG Klima Sanayi ve Ticaret A.Ş.,Kocaeli,İklimlendirme
ARD Grup Bilişim Teknolojileri A.Ş.,Ankara,Yazılım
Arena Bilgisayar Sanayi ve Ticaret Anonim Şirketi,İstanbul,Yazılım
Arıkan Kriko Ve Makina Sanayi Ticaret Anonim Şirketi,Eskişehir,Otomotiv Yan Sanayi
Arion İlaç Sanayi ve Ticaret A.Ş.,İstanbul,İlaç
Ark Pres Emniyet Kemeri San. ve Tic. A.Ş.,Kocaeli,Otomotiv Yan Sanayi
Armut Teknoloji A.Ş.,İstanbul,Yazılım
Aromsa Besin Aroma ve Katkı Maddeleri Sanayi ve Ticaret A.Ş.,Kocaeli,Gıda Sanayi
Arsan Kauçuk Plastik Makina A.Ş.,Sakarya,Lastik-Plastik-Kauçuk
Arvato Lojistik A.Ş.,İstanbul,Ulaştırma ve Lojistik
Arven İlaç Sanayi ve Ticaret A.Ş.,İstanbul,İlaç
Asaş Alüminyum San. ve Tic. A.Ş.,Sakarya,Demir ve Demir Dışı Metaller
Asaş Filtre Sanayi ve Ticaret A.Ş.,Hatay,Otomotiv Yan Sanayi
Asee Bilişim Teknolojileri A.Ş.,İstanbul,Bilgisayar ve İletişim Teknolojileri
Aselsan A.Ş. - Aviyonik ve Güdüm Sistemleri Sektör Başkanlığı (AGS),Ankara,Savunma Sanayi
Aselsan A.Ş. - Haberleşme ve Bilgi Teknolojileri Sektör Başkanlığı (HBT - Macunköy),Ankara,Savunma Sanayi
Aselsan A.Ş. - Haberleşme ve Bilgi Teknolojileri Sektör Başkanlığı -(HBT-Satgeb),Ankara,Savunma Sanayi
Aselsan A.Ş. - Haberleşme ve Bilgi Teknolojileri Sektör Başkanlığı (HBT-Titanyum),Ankara,Savunma Sanayi
Aselsan A.Ş. - Mikroelektronik ve Elektro-Optik Sistemler Sektör Başkanlığı (MEOS),Ankara,Savunma Sanayi
Aselsan A.Ş. - Radar ve Elektronik Harp Sistemleri Sektör Başkanlığı (REHİS),Ankara,Savunma Sanayi
Aselsan A.Ş. - Savunma Sistem Teknolojileri Sektör Başkanlığı (SST-Ankara),Ankara,Savunma Sanayi
Aselsan A.Ş. - Savunma Sistem Teknolojileri Sektör Başkanlığı (SST-İstanbul),İstanbul,Savunma Sanayi
"Aselsan A.Ş.- Ulaşım, Güvenlik, Enerji, Otomasyon ve Sağlık Sistemleri Sektör Başkanlığı (UGES-Ankara)",Ankara,Savunma Sanayi
"Aselsan A.Ş. Ulaşım, Güvenlik, Enerji, Otomasyon ve Sağlık Sistemleri Sektör Başkanlığı (UGES-İstanbul)",İstanbul,Savunma Sanayi
Aselsan A.Ş.(Bilişim Şubesi),Ankara,Savunma Sanayi
Aselsan Konya Silah Sistemleri Anonim Şirketi,Konya,Savunma Sanayi
Aselsan Sivas Hassas Optik Sanayi ve Ticaret A.Ş.,Sivas,Savunma Sanayi
Asis Otomasyon ve Akaryakıt Sistemleri A.Ş.,İstanbul,Elektronik
ASKO Sınai ve Teknoloji Üretim Sanayi Ticaret Anonim Şirketi (Gaziantep Şubesi),Gaziantep,Makine ve Teçhizat İmalatı
ASKO Sınai ve Teknoloji Üretim Sanayi Ticaret Anonim Şirketi (Sakarya Şubesi),Sakarya,Makine ve Teçhizat İmalatı
Aslı Tekstil Giyim Sanayi Ticaret A.Ş. Ar-Ge Merkezi,Denizli,Tekstil
Asos Proses Makina Sanayi Ve Ticaret Anonim Şirketi,Tekirdağ,Makine ve Teçhizat İmalatı
Aspilsan Enerji Sanayi ve Tic. A.Ş.,Ankara,Savunma Sanayi
Assan Alüminyum Sanayi Ve Ticaret A.Ş.,Kocaeli,Demir ve Demir Dışı Metaller
Assan Elektronik İmalat Pazarlama Sanayi Ve Ticaret Anonim Şirketi,İstanbul,Elektronik
Assan Group Makine Savunma Sanayi A.Ş.,Ankara,Savunma Sanayi
Assan Hanıl Oto San. ve Tic. A.Ş.,Kocaeli,Otomotiv Yan Sanayi
Astor Enerji A.Ş.,Ankara,Enerji
Atabay Kimya Sanayi ve Ticaret Anonim Şirketi (Gebze Şubesi),Kocaeli,İlaç
Atabay Kimya Sanayi Ve Ticaret Anonim Şirketi (İstanbul Şubesi),İstanbul,İlaç
Atel Teknoloji ve Savunma Sanayi A.Ş.,Ankara,Savunma Sanayi
Ateş Çelik İnşaat Taahhüt Proje Mühendislik Sanayi ve Ticaret Anonim Şirketi,İzmir,Enerji
Atez Yazılım Teknolojileri Anonim Şirketi,İstanbul,Yazılım
Atha Makina A.Ş.,İzmir,Makine ve Teçhizat İmalatı
Atmaca Elektronik San. ve Tic. A.Ş.,İstanbul,Elektronik
ATP Yazılım ve Teknoloji A.Ş.,İstanbul,Yazılım
Avl Araştırma Ve Mühendislik San. Tic. Ltd. Şti. (İstanbul Şubesi),İstanbul,Otomotiv Tasarımı ve Mühendislik
Avl Araştırma Ve Mühendislik Sanayi Ve Ticaret Limited Şirketi (Sancaktepe Şubesi),İstanbul,Otomotiv Tasarımı ve Mühendislik
Aybey Elektronik Sanayi Ve Ticaret A.Ş.,İstanbul,Makine ve Teçhizat İmalatı
Ayd Otomotiv Endüstri San. ve Tic. A.Ş.,Konya,Otomotiv Yan Sanayi
Aydın Endüstri San. Tic. A.Ş.,Sakarya,Mobilya
Aydın Mensucat Döşemelik Kumaş Sanayi ve Ticaret A.Ş.,İstanbul,Tekstil
Aydın Mensucat Döşemelik Kumaş Sanayi ve Ticaret Anonim Şirketi (Kayseri Şubesi),Kayseri,Tekstil
Aydın Mensucat Döşemelik Kumaş Sanayi ve Ticaret Anonim Şirketi (Sakarya Şube),Sakarya,Tekstil
Aydın Yazılım ve Elektronik Sanayi A.Ş.,Ankara,Savunma Sanayi
Aygaz A.Ş.,Kocaeli,Sıvılaştırılmış Likit Petrol Gazı
Aygün Cerrahi Aletler Sanayi ve Ticaret Anonim Şirketi,Samsun,Medikal
Aymas Makina San. Ve Tic. A.Ş.,İzmir,Makine ve Teçhizat İmalatı
Ayşenur Ve Turan Gıda Kontrol Laboratuvarı A.Ş.,İstanbul,Gıda Sanayi
Bahçıvan Gıda Sanayi ve Ticaret A.Ş.,Kırklareli,Gıda Sanayi
Bak Ambalaj San. Tic. A.Ş.,İzmir,Ambalaj
Balıkesir Elektromekanik Sanayi Tesisleri A.Ş.,Balıkesir,Enerji
Balıkesir Yem Sanayi Ve Ticaret A.Ş.,Balıkesir,Hayvancılık
Bankalararası Kart Merkezi A.Ş.,İstanbul,Bankacılık ve Finans
Bant Boru Sanayi Ve Ticaret A.Ş.,Kocaeli,Otomotiv Yan Sanayi
Barida Makina San. Tic. Ltd. Şti.,Bursa,Makine ve Teçhizat İmalatı
Barikat İnternet Güvenliği Bilişim Ticaret Anonim Şirketi (Ankara),Ankara,Bilgisayar ve İletişim Teknolojileri
Barikat İnternet Güvenliği Bilişim Ticaret Anonim Şirketi (İstanbul),İstanbul,Bilgisayar ve İletişim Teknolojileri
Barkom Grup Sondaj Makine ve Ekipmanları San. Tic. A.Ş.,Ankara,Makine ve Teçhizat İmalatı
Barmak Barutçuoğlu Gıda Makinaları San. Tic. A.Ş.,Bursa,Makine ve Teçhizat İmalatı
Barsan Global Lojistik A.Ş.,İstanbul,Ulaştırma ve Lojistik
Barutçu Tekstil San. ve Tic. A.Ş.,Bursa,Tekstil
Base Studio Arge ve Teknoloji San. A.Ş.,Kocaeli,Otomotiv Yan Sanayi
Bastak Teknoloji Sistemleri A.Ş.,Ankara,Makine ve Teçhizat İmalatı
Başarıarge Enerji Teknolojileri Elektrik Elektronik Yazılım Makina Sanayi ve Taahhüt Ticaret A.Ş.,Ankara,Enerji
Başarsoft Bilgi Teknolojileri A.Ş. (Ankara Şubesi),Ankara,Yazılım
Başarsoft Bilgi Teknolojileri A.Ş. (İstanbul Şubesi),İstanbul,Yazılım
Başoğlu Kablo ve Profil San. ve Tic. A.Ş.(I),Bolu,Lastik-Plastik-Kauçuk
Başoğlu Kablo ve Profil San. ve Tic. A.Ş.(II),Bolu,Lastik-Plastik-Kauçuk
Baştaş-Başkent Çimento Sanayi ve Ticaret Anonim Şirketi,Ankara,Çimento ve Çimento Ürünleri
Baykal Makine Sanayi Ve Ticaret A.Ş.,Bursa,Makine ve Teçhizat İmalatı
Baykan Denim Konfeksiyon Anonim Şirketi,Malatya,Tekstil
Baykar Makina Sanayi ve Ticaret A.Ş.,İstanbul,Savunma Sanayi
Baykon Endüstriyel Kontrol Sistemleri Sanayi ve Ticaret Anonim Şirketi,İstanbul,Elektronik
Baylan Ölçü Aletleri Sanayi Ve Ticaret A.Ş.,İzmir,Makine ve Teçhizat İmalatı
Bayramoğlu Endüstriyel Çelik Anonim Şirketi,Bursa,İmalat Sanayi
Bekamak Makina Sanayi ve Ticaret A.Ş.,Bursa,Makine ve Teçhizat İmalatı
Belgin Madeni Yağlar Tic. ve San. A.Ş.,Kocaeli,Kimya
Bellona Mobilya Sanayi ve Ticaret A.Ş.,Kayseri,Mobilya
Bentaş Bentonit Madencilik Sanayi ve Ticaret Anonim Şirketi,Ordu,İmalat Sanayi
Berdan Cıvata Enerji İmalat Savunma Sanayi ve Laboratuvar Hizmetleri Ticaret Anonim Şirketi,Mersin,Makine ve Teçhizat İmalatı
Bericap Kapak Sanayi Anonim Şirketi,Kocaeli,Ambalaj
Berko İlaç ve Kimya Sanayi A.Ş.,İstanbul,İlaç
Berteks Tekstil Sanayi ve Ticaret A.Ş.,Bursa,Tekstil
Besmak Laboratuvar ve İnşaat Test Makinaları San. ve Tic. Ltd. Şti.,Ankara,Makine ve Teçhizat İmalatı
Bestaş Elektronik Optik Sanayi ve Ticaret Anonim Şirketi,İstanbul,Elektronik
Beşer Balatacılık Sanayi ve Ticaret Anonim Şirketi,İzmir,Otomotiv Yan Sanayi
Beta Enerji ve Teknoloji Anonim Şirketi,Adana,Enerji
Beta Gıda Sanayi ve Ticaret A.Ş.,Adana,Gıda Sanayi
Betek Boya Ve Kimya Sanayi A.Ş.,Kocaeli,Kimya
Beyaz Kağıt ve Hijyenik Ürünler Tem. İnş. San. Tic. A.Ş.,Adana,Kozmetik ve Temizlik Ürünleri
Beyçelik Gestamp Şasi Otomotiv Sanayi A.Ş.,Kocaeli,Otomotiv Yan Sanayi
Beyçelik Gestamp Teknoloji ve Kalıp Sanayi A.Ş.,Bursa,Otomotiv Yan Sanayi
Bıçakcılar Tıbbi Cihazlar Sanayi ve Ticaret A.Ş. (Çamlıca Şubesi),İstanbul,Medikal
Bıçakcılar Tıbbi Cihazlar Sanayi ve Ticaret A.Ş. (Esenyurt Şubesi),İstanbul,Sağlık
Bias Mühendislik Limited Şirketi,İstanbul,Makine ve Teçhizat İmalatı
Biges Güvenli Hayat Teknolojileri Elektronik Anonim Şirketi,İstanbul,Yazılım
Bilim İlaç Sanayi ve Ticaret A.Ş.,Kocaeli,İlaç
Bilmed Bilgisayar ve Yazılım A.Ş.,İstanbul,Yazılım
Bimed Teknik Aletler Sanayi ve Ticaret A.Ş.,İstanbul,İmalat Sanayi
Binovist Bilişim Danışmanlık A.Ş.,İstanbul,Bilgisayar ve İletişim Teknolojileri
Biofarma İlaç Sanayi ve Ticaret A.Ş.,İstanbul,İlaç
Biosys Bİyomedikal Mühendislik San. ve Tic. A.Ş.,Batman,Sağlık
Birikim Pilleri Batarya Teknolojileri A.Ş.,İstanbul,Enerji
Birinci Otomotiv San. ve Tic. A.Ş.,Kocaeli,Otomotiv Yan Sanayi
Bis Çözüm Bilgisayar ve Entegrasyon Hizmetleri Ticaret A.Ş.,İstanbul,Yazılım
Bisan Motosiklet ve Bisiklet Sanayi ve Ticaret Anonim Şirketi,İzmir,İmalat Sanayi
Bma Teknoloji Anonim Şirketi,Kocaeli,Elektronik
Bmc Otomotiv Sanayi ve Ticaret A.Ş.,İzmir,Otomotiv
BMC Power Motor ve Kontrol Teknolojileri Anonim Şirketi,Ankara,Savunma Sanayi
Bolt Bağlantı Elemanları Sanayi Ticaret Anonim Şirketi,Bursa,Demir ve Demir Dışı Metaller
Bome Trivitron Sanayi Ürünleri Dış Ticaret A.Ş.,Ankara,Sağlık
Borçelik Çelik Sanayii Ticaret A.Ş.,Bursa,Demir ve Demir Dışı Metaller
Borsa İstanbul A.Ş.,İstanbul,Bilgisayar ve İletişim Teknolojileri
Borsan Kablo Elektrik Aydınlatma İnşaat Sanayi ve Ticaret A.Ş.,Samsun,Elektronik
Borusan Makina ve Güç Sistemleri San. ve Tic. A.Ş.,İstanbul,Bilgisayar ve İletişim Teknolojileri
Borusan Otomotiv İthalat ve Dağıtım A.Ş.,İstanbul,Bilgisayar ve İletişim Teknolojileri
Borusan Tedarik Zinciri Çözümleri ve Teknoloji A.Ş,İstanbul,Ulaştırma ve Lojistik
Bosch Sanayi ve Ticaret A.Ş.,Bursa,Otomotiv Yan Sanayi
Bosch Sanayi ve Ticaret Anonim Şirketi (Benzinli ve Hidrojen Sistemler),Bursa,Otomotiv Yan Sanayi
Bosch Termoteknik Isıtma ve Klima San. Tic. A.Ş.,Manisa,İklimlendirme
Bossa Ticaret ve Sanayi İşletmeleri T. A.Ş.,Adana,Tekstil
BOTEK Ar-Ge Kimya A.Ş.,Ankara,Kimya
Boyner Büyük Mağazacılık A.Ş.,İstanbul,Yazılım
Bozankaya Raylı Sistemler A.Ş.,Ankara,Otomotiv
"B-plas Bursa Plastik, Metal, İnşaat, Enerji, Madencilik, Jeotermal, Turizm, Sivil Havacılık ve Tarım Sanayi ve Ticaret A.Ş.",Bursa,Otomotiv Yan Sanayi
Brisa Bridgestone Sabancı Lastik Sanayi A.Ş.,Kocaeli,Otomotiv Yan Sanayi
Bsh Ev Aletleri Sanayi Ve Ticaret Anonim Şirketi,Tekirdağ,Dayanıklı Tüketim Malları
BTC Bilişim Hizmetleri Anonim Şirketi,İstanbul,Yazılım
Btm Bitümlü Tecrit Maddeleri Sanayi ve Ticaret A.Ş.,İzmir,Kimya
BTS Kurumsal Bilişim Teknolojileri A.Ş.,İstanbul,Bilgisayar ve İletişim Teknolojileri
Burçelik- Bursa Çelik Döküm Sanayi A.Ş.,Bursa,Makine ve Teçhizat İmalatı
Bursalı Tekstil Sanayi ve Ticaret Anonim Şirketi,Bursa,Tekstil
Bvs Bülbüloğlu Vinç San. ve Tic. A.Ş.,Ankara,Makine ve Teçhizat İmalatı
Can Klima Teknik Sanayi ve Ticaret Ltd.Şti.,İstanbul,İklimlendirme
Can Tekstil Entegre Tesisleri Ve Tarım Ürünleri Sanayi Ticaret Anonim Şirketi,Tekirdağ,Tekstil
Canovate Elektronik Endüstri Ve Ticaret Anonim Şirketi,İstanbul,Elektronik
Caretta Yazılım Ve Danışmanlık Hizmetleri Limited Şirketi,İstanbul,Yazılım
Casper Bilgisayar Sistemleri A.Ş.,İstanbul,Bilgisayar ve İletişim Teknolojileri
Cavo Otomotiv Ticaret ve Sanayi A.Ş.,Kocaeli,Otomotiv Yan Sanayi
Cengiz Makina Sanayi ve Ticaret A.Ş.,Kocaeli,Otomotiv Yan Sanayi
Centurion İlaç San. ve Tic. A.Ş.,Ankara,İlaç
Ces İleri Kompozit Ve Savunma Teknolojileri A.Ş.,Ankara,İmalat Sanayi
Ceva Lojistik Limited Şirketi,İstanbul,Ulaştırma ve Lojistik
Cezeri Yapay Zeka Robotik Teknolojileri Sanayi ve Ticaret Anonim Şirketi,İstanbul,Bilgisayar ve İletişim Teknolojileri
Cimri Bilgi Teknolojileri ve Sistemleri A.Ş.,İstanbul,Yazılım
Cmc İletişim ve Çağrı Merkezi Hizmetleri A.Ş.,İstanbul,Telekomünikasyon
Cms Jant ve Makina San. A.Ş. (II),İzmir,Otomotiv Yan Sanayi
Cms Jant ve Makine Sanayi A.Ş. (I),İzmir,Otomotiv Yan Sanayi
Cms Makine San. ve Tic. A.Ş.,Kocaeli,Makine ve Teçhizat İmalatı
Commencis Teknoloji A.Ş.,Ankara,Yazılım
Continental Confectionery Company Gıda Sanayi Ve Ticaret Anonim Şirketi,Tekirdağ,Gıda Sanayi
Core Bina Otomasyon Teknolojileri Sanayi ve Ticaret Limited Şirketi,İzmir,Bilgisayar ve İletişim Teknolojileri
Coşkunöz Kalıp Makina Sanayi ve Ticaret A.Ş.,Bursa,Otomotiv Yan Sanayi
Coşkunöz Metal Form Makina Endüstri ve Ticaret Anonim Şirketi,Bursa,Otomotiv Yan Sanayi
Cw Enerji Mühendislik Ticaret Ve Sanayi Anonim Şirketi,Antalya,Enerji
Çağlayan Soğutma Anonim Şirketi,Konya,İklimlendirme
Çalık Denim Tekstil Sanayi Ve Ticaret A.Ş.,Malatya,Tekstil
Çamsan Ordu Ağaç Sanayi ve Ticaret A.Ş.,Ordu,Mobilya
Çanakcılar Seramik Sanayi ve Ticaret A.Ş.,Zonguldak,Seramik ve Refrakter
Çelik Halat ve Tel Sanayii A.Ş.,Kocaeli,Demir ve Demir Dışı Metaller
Çelikform Gestamp Otomotiv A.Ş.,Bursa,Otomotiv Yan Sanayi
Çemtaş Çelik Makina Sanayi ve Ticaret A.Ş.,Bursa,Demir ve Demir Dışı Metaller
Çetin Civata Sanayi ve Ticaret Anonim Şirketi,İstanbul,İmalat Sanayi
Çilek Mobilya A.Ş.,Bursa,Mobilya
Çimsa Çimento Sanayi Ticaret A.Ş.,Mersin,Çimento ve Çimento Ürünleri
Çimtaş Çelik İmalat Montaj Ve Tesisat Anonim Şirketi,Bursa,Makine ve Teçhizat İmalatı
Çizgi Teknoloji Elektronik Tasarım ve Üretim A.Ş.,İstanbul,Bilgisayar ve İletişim Teknolojileri
Çolakoğlu Mühendislik Makina San. Ve Tic. Ltd. Şti.,Trabzon,Makine ve Teçhizat İmalatı
Çözüm Makina Sanayi ve Ticaret Ltd. Şti.,İstanbul,İmalat Sanayi
Çözümevi Yönetim Danışmanlığı ve Bilgisayar Yazılım Ticaret Anonim Şirketi,İstanbul,Bilgisayar ve İletişim Teknolojileri
Çuhadaroğlu Metal Sanayi ve Pazarlama A.Ş.,İstanbul,Demir ve Demir Dışı Metaller
Çukurova Kimya Endüstrisi A.Ş.,Manisa,Kimya
Çukurova Makina İmalat ve Ticaret A.Ş.,Mersin,Makine ve Teçhizat İmalatı
D Fast Dağıtım Hizmetleri Ve Lojistik Anonim Şirketi,İstanbul,Ulaştırma ve Lojistik
D Ödeme Elektronik Para ve Ödeme Hizmetleri A.Ş.,İstanbul,Yazılım
Daikin Isıtma Ve Soğutma Sistemleri Sanayi Ticaret Anonim Şirketi,Sakarya,İklimlendirme
Dalgakıran Makina Sanayi ve Ticaret A.Ş.,Kocaeli,Makine ve Teçhizat İmalatı
Danone Tikveşli Gıda Ve İçecek San. Ve Tic. A.Ş.,Kırklareli,Gıda Sanayi
Dardanel Önentaş Gıda San. A.Ş.,Çanakkale,Gıda Sanayi
Datamind Bilişim Anonim Şirketi,İstanbul,Bilgisayar ve İletişim Teknolojileri
Dedem Elektrik Taahhüt Otomasyon Elektronik San. ve Tic. A.Ş.,İzmir,Makine ve Teçhizat İmalatı
Defacto Perakende Ticaret Anonim Şirketi,İstanbul,Perakendecilik
Defne Telekomünikasyon A.Ş.,İstanbul,Telekomünikasyon
Deka Elektronik Sanayi ve Ticaret A.Ş.,İstanbul,Elektronik
Deka Teknoloji Bilişim Hizmetleri ve Tic. A.Ş.,İstanbul,Bilgisayar ve İletişim Teknolojileri
Dekor Ahşap Ürünleri Sanayii A.Ş.,Kocaeli,Mobilya
Deltav Uzay Teknolojileri A.Ş.,İstanbul,Savunma Sanayi
Demir Export A.Ş.,Ankara,Madencilik
Demircioğlu Şase Endüstriyel Yağ Otomotiv Tekstil Gıda İnşaat San. Ve Tic. A.Ş.,Bursa,Otomotiv Yan Sanayi
Demisaş Döküm Emaye Mamulleri Sanayi A.Ş.,Bilecik,Dökümcülük
Demo Plastik Ürünleri San. ve Tic. A.Ş.,Bursa,Lastik-Plastik-Kauçuk
Demsay Elektronik Sanayi ve Ticaret Anonim Şirketi,İstanbul,Elektronik
Dener Makina Sanayi ve Ticaret Anonim Şirketi,Kayseri,Makine ve Teçhizat İmalatı
Denge Kimya ve Tekstil San. Tic. A.Ş.,Tekirdağ,Kimya
Dentaş Kağıt Sanayi A.Ş.,Denizli,Kağıt ve Kağıt Ürünleri
Desi Alarm Ve Güvenlik Sistemleri Sanayi Ve Ticaret Anonim Şirketi,İstanbul,Elektronik
Desird Tasarım Arge Anonim Şirketi,Antalya,Mühendislik/Mimarlık Faaliyetleri
Destek Otomotiv Yan Sanayi ve Ticaret Anonim Şirketi,Bursa,Otomotiv Yan Sanayi
Detay Danışmanlık Bilgisayar Hizmetleri Sanayi ve Dış Ticaret Anonim Şirketi,İstanbul,Yazılım
Detay Gıda Sanayi ve Ticaret A.Ş.,İstanbul,Gıda Sanayi
Detay Teknoloji Yazılım Danışmanlık Ve Bilgisayar Hizmetleri Ticaret Sanayi Anonim Şirketi,Sivas,Yazılım
Deva Holding A.Ş.,Tekirdağ,İlaç
Dfds Denizcilik ve Taşımacılık A.Ş.,İstanbul,Ulaştırma ve Lojistik
Dhl Lojistik Hizmetleri A.Ş.,İstanbul,Ulaştırma ve Lojistik
DHL Worldwide Express Taşımacılık ve Ticaret A.Ş.,İstanbul,Bilgisayar ve İletişim Teknolojileri
Dia Pro Tıbbi Ürünler Sanayi ve Ticaret Anonim Şirketi,Kocaeli,Sağlık
Dicle Elektrik Dağıtım A.Ş.,Diyarbakır,Enerji
Dikkan Gemi Ve Endüstriyel Vana Sanayi Ticaret Anonim Şirketi,İzmir,Makine ve Teçhizat İmalatı
Dimes Gıda San. ve Tic. A.Ş.,İzmir,Gıda Sanayi
Dinçer Bilişim Teknoloji ve Eğitim Anonim Şirketi,İstanbul,Bilgisayar ve İletişim Teknolojileri
Diniz Adient Oto Donanım Sanayi Ve Ticaret A.Ş.,Bursa,Otomotiv Yan Sanayi
Dip Bilgisayar Yazılım Ticaret Anonim Şirketi,İstanbul,Yazılım
Dirinler Makina Sanayi Ve Ticaret A.Ş.,İzmir,Makine ve Teçhizat İmalatı
Ditaş Doğan Yedek Parça İmalat ve Teknik A.Ş.,Niğde,Otomotiv Yan Sanayi
Dlt Turizm Ve Ticaret Anonim Şirketi,İstanbul,Yazılım
D-Market Elektronik Hizmetler ve Tic. A.Ş. (Sancaktepe),İstanbul,Yazılım
D-Market Elektronik Hizmetler ve Tic. A.Ş. (Şişli),İstanbul,Yazılım
Dms Dilmenler Makina ve Tekstil San. Tic. A.Ş.,Tekirdağ,Makine ve Teçhizat İmalatı
DMY Elektrik Otomasyon Aydınlatma Sanayi ve Ticaret A.Ş.,İstanbul,Elektronik
Dof Robotik Sanayi Anonim Şirketi,İstanbul,Makine ve Teçhizat İmalatı
Doğu İklimlendirme San. ve Tic. A.Ş.,İzmir,İklimlendirme
Doğu Pres Otomotiv Ve Teknik Sanayi Ve Ticaret Anonim Şirketi,Bursa,Otomotiv Yan Sanayi
Doğuş Bilgi İşlem Ve Teknoloji Hizmetleri Anonim Şirketi,İstanbul,Bilgisayar ve İletişim Teknolojileri
Doğuş Vana ve Döküm San. Tic. A.Ş.,Manisa,Makine ve Teçhizat İmalatı
Dok-San Denizli Dokuma Sanayi ve Ticaret A.Ş.,Denizli,Tekstil
Doktor Tarsa Tarım Sanayi ve Ticaret A.Ş.,Antalya,Tarım
Dollvet Biyoteknoloji Anonim Şirketi,Şanlıurfa,Sağlık
Donanım Haber Elektronik Yayıncılık Ltd. Şti.,İstanbul,Medya ve İletişim
Doruk İletişim Ve Otomasyon Sanayi Ve Ticaret Anonim Şirketi,İstanbul,Telekomünikasyon
Döhler Gıda Sanayi A.Ş. (Karaman),Karaman,Gıda Sanayi
Döhler Gıda Sanayi Anonim Şirketi (İstanbul),İstanbul,Gıda Sanayi
Döksan Isıl İşlem ve Ar-Ge Merkezi A.Ş.,Ankara,Dökümcülük
Döktaş Dökümcülük Ticaret ve Sanayi A.Ş. (Bursa),Bursa,Dökümcülük
Döktaş Dökümcülük Ticaret ve Sanayi A.Ş. (Manisa),Manisa,Dökümcülük
Dönmez Debriyaj Sanayi ve Ticaret A.Ş.,İzmir,Otomotiv Yan Sanayi
Drc Kauçuk Sanayi Ticaret Anonim Şirketi,Sakarya,Lastik-Plastik-Kauçuk
Drone Tech Savunma Sanayi ve Ticaret Anonim Şirketi,Giresun,Savunma Sanayi
Dsm Grup Danışmanlık İletişim ve Satış Ticaret A.Ş. (İstanbul),İstanbul,Bilgisayar ve İletişim Teknolojileri
Dsm Grup Danışmanlık İletişim ve Satış Ticaret A.Ş. (Kocaeli),Kocaeli,Ulaştırma ve Lojistik
Durden Plastik Ürünler Yapışkan Film Tic. San. A.Ş.,Bilecik,Otomotiv Yan Sanayi
Durmazlar Makine Sanayi ve Ticaret A.Ş.,Bursa,Makine ve Teçhizat İmalatı
Durukan Şekerleme San. ve Tic. A.Ş.,Ankara,Gıda Sanayi
Durum Gıda Sanayi ve Ticaret Anonim Şirketi (Arbella),Mersin,Gıda Sanayi
Dyo Boya Fabrikaları San. ve Tic. A.Ş. (Kocaeli),Kocaeli,Kimya
Dyo Boya Fabrikaları Sanayi ve Ticaret A.Ş. (İzmir),İzmir,Kimya
E Data Elektronik Sanayi ve Ticaret A.Ş.,İstanbul,Elektronik
Eae Elektrik Asansör Endüstrisi İnşaat San. ve Tic. A.Ş.,İstanbul,Elektronik
EAE Elektrik Aydınlatma Endüstri Sanayi ve Ticaret A.Ş.,Kocaeli,Elektronik
Eae Teknoloji Araştırma Geliştirme Sanayi ve Ticaret A.Ş.,İstanbul,Elektronik
E-berk Makina Metalurji İnşaat Turizm Danışmanlık İthalat İhracat Sanayi Ve Ticaret A.Ş.,Ankara,Makine ve Teçhizat İmalatı
Ece Boya Kimya Sanayi ve Ticaret A.Ş.,Kocaeli,Kimya
Eczacıbaşı Bilişim Sanayi ve Ticaret Anonim Şirketi,İstanbul,Bilgisayar ve İletişim Teknolojileri
Eczacıbaşı Yapı Gereçleri Sanayi ve Ticaret A.Ş.,Bilecik,Seramik ve Refrakter
Eds Elektronik Destek Sanayi Ve Ticaret Limited Şirketi,İstanbul,Elektronik
Effe Endüstri Otomasyon A.Ş.,Tekirdağ,Makine ve Teçhizat İmalatı
EFG Elektrik Enerji Anonim Şirketi,Diyarbakır,Enerji
Ege Dinamik Mühendislik Elektromekanik Enerji Ve Robot Sistemleri Sanayi Ve Ticaret Anonim Şirketi,İzmir,Savunma Sanayi
Ege Endüstri ve Ticaret A.Ş.,İzmir,Otomotiv Yan Sanayi
Ege Fren Sanayii ve Ticaret A.Ş.,İzmir,Otomotiv Yan Sanayi
Ege Profil Tic. ve San. A.Ş.,İzmir,Kimya
Egger Dekor Anonim Şirketi,Kocaeli,Orman Ürünleri
E-Kalite Yazılım Donanım Mühendislik Tasarım Ve İnternet Hizmetleri Sanayi Ticaret Limited Şirketi,Ankara,Bilgisayar ve İletişim Teknolojileri
Eker Süt Ürünleri Gıda San. Ve Tic. A.Ş.,Bursa,Gıda Sanayi
Ekol Lojistik A.Ş.,İstanbul,Ulaştırma ve Lojistik
Eksagate Elektronik Mühendislik ve Bilgisayar San. Tic. A.Ş.,İstanbul,Bilgisayar ve İletişim Teknolojileri
Eksoy Kimya Sanayi ve Ticaret A.Ş.,Adana,Kimya
Eksun Gıda Tarım Sanayi Ve Ticaret Anonim Şirketi,Tekirdağ,Gıda Sanayi
Ektam Makine Sanayi ve Ticaret A.Ş.,İzmir,Makine ve Teçhizat İmalatı
Elatek Kauçuk Sanayi ve Ticaret A.Ş.,Bursa,Otomotiv Yan Sanayi
Elekse Elektronik Para ve Ödeme Kuruluşu Anonim Şirketi,İstanbul,Bankacılık ve Finans
Elektra Elektronik Sanayi ve Ticaret A.Ş.,İstanbul,Elektronik
Elektral Elektromekanik San. ve Tic. A.Ş.,İzmir,Savunma Sanayi
Elf Prefabrik Beton Yapı Elemanları İnşaat Sanayi ve Ticaret Anonim Şirketi,Ankara,İmalat Sanayi
Elfatek Elektronik Makina Ve Otomasyonu Sanayi Ticaret Limited Şirketi,Konya,Elektronik
Eliar Elektronik Sanayi A.Ş.,İstanbul,Elektronik
Elk Motor San. ve Tic. A.Ş.,Tekirdağ,Makine ve Teçhizat İmalatı
Elkon Elektrik Sanayi ve Ticaret A.Ş.,İstanbul,Elektronik
Elkon Elevatör Konveyör ve Makina San. ve Tic. A.Ş.,Tekirdağ,Makine ve Teçhizat İmalatı
Elsis Elektronik Sistemler Sanayi A.Ş.,Ankara,Elektronik
Elso Kimya Sanayi ve Ticaret A.Ş.,İstanbul,Kimya
Eltaş Transformatör San. ve Tic. A.Ş.,İzmir,Enerji
Elvan Gıda Sanayi Ve Ticaret A.Ş.,İstanbul,Gıda Sanayi
Elyaf Tekstil Sanayi ve Ticaret Anonim Şirketi,Bursa,Tekstil
Emas Makina Sanayi A.Ş.,Manisa,Makine ve Teçhizat İmalatı
Emin Evim Tasarruf Finansmanı Anonim Şirketi,İstanbul,Bilgisayar ve İletişim Teknolojileri
Emirali Tekstil Konfeksiyon Sanayi ve Ticaret Anonim Şirketi,Bursa,Tekstil
Emko Elektronik Sanayi ve Ticaret A.Ş.,Bursa,Elektronik
Emlak Konut Asansör Sistemleri Sanayi ve Ticaret Anonim Şirketi,İstanbul,İnşaat
Emlakjet İnternet Hizmetleri ve Gayrimenkul Danışmanlık A.Ş.,İstanbul,Yazılım
Empa Elektronik Sanayi ve Ticaret Anonim Şirketi,İstanbul,Elektronik
Endoks Enerji A.Ş.,Ankara,Enerji
Endüstriyel Elektrik Elektronik San. ve Tic. A.Ş.,Konya,Elektronik
Eneko Havalandırma ve Isı Ekonomisi Sist. Tekn. Mak. San. ve Tic. A.Ş.,İzmir,İklimlendirme
Enel Enerji Elektronik Sanayi ve Ticaret A.Ş.,Kütahya,Enerji
Enmos Endüstriyel Otomasyon Elektronik İmalat San. Tic. A.Ş.,İstanbul,Makine ve Teçhizat İmalatı
Entegro Enerji Sistemleri Sanayi ve Ticaret Ltd. Şti,İzmir,Enerji
Entes Elektronik Cihazlar İmalat ve Tic. A.Ş.,İstanbul,Elektronik
Entil End. Yat. Tic. A.Ş.,Eskişehir,Dökümcülük
Enuygun Com İnternet Bilgi Hiz. Tek. ve Tic. A.Ş.,İstanbul,Bilgisayar ve İletişim Teknolojileri
Enza Zaden Tarım Araştırma Geliştirme Taşımacılık ve Ticaret Anonim Şirketi,Antalya,Tarım
Epsan Plastik Sanayi ve Ticaret A.Ş.,Bursa,Lastik-Plastik-Kauçuk
Epsilon Elektronik Sanayi Ve Tic. A.Ş.,İstanbul,Medikal
Era Pharma Analitik Çöz. ve İlaç San. Tic. A.Ş.,İstanbul,İlaç
Erak Giyim Sanayi ve Ticaret A.Ş.,Tekirdağ,Tekstil
Eralp Makine Kazan Kimya Ve Ekipmanları Sanayi Ve Ticaret Anonim Şirketi,Bursa,Makine ve Teçhizat İmalatı
Erbab Otomat ve Yedek Parça Sanayi ve Ticaret Limited Şirketi,Bursa,Otomotiv Yan Sanayi
Er-Bakır Elektrolitik Bakır Mamulleri A.Ş.,Denizli,Dökümcülük
Erbay Alüminyum İnş. San. ve Tic. A.Ş.,Kocaeli,Demir ve Demir Dışı Metaller
Erca Group Kimya San. ve Tic. A.Ş.,Tekirdağ,Kimya
Ereğli Demir Ve Çelik Fabrikaları T. A.Ş.,Zonguldak,Demir ve Demir Dışı Metaller
Eren Balatacılık Sanayi Ve Ticaret Anonim Şirketi,İzmir,Otomotiv Yan Sanayi
Eren Perakende ve Tekstil A.Ş.,Tekirdağ,Tekstil
Eren Transformatör Sanayi ve Ticaret Anonim Şirketi,Ankara,Enerji
Erenli Saç Profil Kauçuk ve Plastik A.Ş.,İzmir,Lastik-Plastik-Kauçuk
Eretim Bilgisayar Hizmetleri ve Danışmanlık Limited Şirketi,İstanbul,Yazılım
Ergin Otomasyon Proses Makina Sanayi ve Ticaret A.Ş.,Bursa,Makine ve Teçhizat İmalatı
Erikoğlu Emaye Bakır Tel San. A.Ş.,Denizli,Demir ve Demir Dışı Metaller
Erin Motor Sanayi Ve Ticaret Anonim Şirketi,İstanbul,Makine ve Teçhizat İmalatı
Erişler Gıda Sanayi ve Ticaret A.Ş.,Tekirdağ,Gıda Sanayi
ERKA Etkinlik ve Turizm A.Ş,İstanbul,Yazılım
Erkunt Sanayi Anonim Şirketi,Ankara,Dökümcülük
Erkunt Traktör Sanayii A.Ş.,Ankara,Otomotiv
Ermaksan Makine Sanayi Ve Ticaret A.Ş.,Bursa,Makine ve Teçhizat İmalatı
Ermetal Otomotiv ve Eşya San. Tic. A.Ş.,Bursa,Otomotiv Yan Sanayi
Ersa Mobilya Sanayi ve Ticaret A.Ş.,Ankara,Mobilya
Erse Kablo San. Ve Tic. A.Ş.,İstanbul,Elektronik
Erstream Yayıncılık A.Ş.,İstanbul,Yazılım
Ertunç Özcan Sağlık Tesisleri Ve Tıbbi Cihazlar İnşaat Sanayi Ticaret A.Ş.,Ankara,Sağlık
Eryiğit Tıbbi Cihazlar A.Ş.,Ankara,Makine ve Teçhizat İmalatı
Esalba Metal Sanayi ve Ticaret A.Ş.,Eskişehir,İmalat Sanayi
Esan Akümülatör ve Malzemeleri San. Tic. A.Ş.,Kocaeli,Enerji
Esan Eczacıbaşı Endüstriyel Hammaddeler Sanayi ve Ticaret A.Ş.,İstanbul,Madencilik
Esit Elektronik Anonim Şirketi,İstanbul,Elektronik
Eska Valve Anonim Şirketi,Sakarya,İmalat Sanayi
Eskim Kimya Sanayi ve Ticaret Anonim Şirketi,Eskişehir,Kimya
Estaş Eksantrik Sanayi Ve Ticaret A.Ş.,Sivas,Otomotiv Yan Sanayi
Etapak Baskı Ambalaj Sanayi ve Ticaret A.Ş.,İzmir,Ambalaj
Eti Gıda Sanayi ve Ticaret A.Ş.,Eskişehir,Gıda Sanayi
Eti Krom A.Ş.,Elazığ,Madencilik
Eti Makine Sanayi ve Ticaret A.Ş.,Eskişehir,Makine ve Teçhizat İmalatı
Etka-D Otomotiv Plastik Kalıp Sanayi ve Ticaret Limited Şirketi,Bursa,Lastik-Plastik-Kauçuk
Etkin Tıbbi Cihazlar Sanayi ve Ticaret Anonim Şirketi,İzmir,Sağlık
Euro Gıda Sanayi ve Ticaret Anonim Şirketi,İzmir,Gıda Sanayi
Europower Enerji Ve Otomasyon Teknolojileri Sanayi Ve Ticaret A.Ş.,Ankara,Enerji
Eurotec Mühendislik Plastikleri San. ve Tic. A.Ş.,Tekirdağ,Lastik-Plastik-Kauçuk
Evam Yazılım Danışmanlık A.Ş.,İstanbul,Yazılım
Eve Mağazacılık A.Ş.,İstanbul,Perakendecilik
Evinoks Servis Ekipmanları San. Tic. A.Ş.,Bursa,Mobilya
"Evyap Sabun, Yağ Gliserin Sanayi ve Ticaret A.Ş.",İstanbul,Kozmetik ve Temizlik Ürünleri
Exeltis İlaç Sanayii ve Ticaret Anonim Şirketi,Tekirdağ,İlaç
Eys Endüstri Makina San. ve Tic. A.Ş.,Aydın,Makine ve Teçhizat İmalatı
Ezel Kozmetik İth. İhr. Tic. ve San. A.Ş.,Sivas,Kozmetik ve Temizlik Ürünleri
F.I.T. Bilgi İşlem Sistemleri Serv. San. ve Tic. A.Ş.,İstanbul,Yazılım
F.S.S. Fren Sistemleri Sanayi ve Ticaret Ltd. Şti.,Bursa,Otomotiv Yan Sanayi
Fada Mühendislik ve Makina San. ve Tic. A.Ş.,Sakarya,Makine ve Teçhizat İmalatı
Farba Otomotiv A.Ş.,Kocaeli,Otomotiv Yan Sanayi
Farben Deri ve Kimyevi Maddeler San. ve Tic. A.Ş.,İstanbul,Kimya
Farel Plastik Elektrik ve Elektronik İmalat Sanayi A.Ş.,Tekirdağ,Lastik-Plastik-Kauçuk
Farform Otomotiv Sanayi Ve Ticaret A.ş.,Kocaeli,Otomotiv Yan Sanayi
Farmatek İlaç Sanayi Ve Ticaret A.ş.,Kırklareli,İlaç
Farplas Otomotiv A.Ş.,Kocaeli,Otomotiv Yan Sanayi
Faz Elektrik Motor Makina San. ve Ticaret A.Ş.,İzmir,Elektronik
Federal Elektrik Yatırım ve Ticaret A.Ş.,Sakarya,Elektronik
Feka Otomotiv Sanayi Ve Ticaret A.Ş.,Bursa,Otomotiv Yan Sanayi
Fergani Uzay Teknolojileri Bilişim San. ve Tic. A.Ş.,İstanbul,Havacılık
Ferkan Yedek Parça Ve Makine Sanayii Ve Ticaret A.Ş.,Bursa,Otomotiv Yan Sanayi
Fernas Alçı San. ve Tic. A.Ş.,Batman,Kimya
Ferro Döküm Dış Ticaret San. ve Tic. A.Ş.,Kocaeli,Dökümcülük
Fersan Fermantasyon Ürünleri Sanayi ve Ticaret Anonim Şirketi,İzmir,Gıda Sanayi
Fibabanka A.Ş.,İstanbul,Bankacılık ve Finans
Fiberr Fiber Reinforced Resins Kompozit Teknolojileri Dış Ticaret Anonim Şirketi,Manisa,İmalat Sanayi
Fibrobeton Yapı Elemanları Sanayi İnşaat Ve Ticaret Anonim Şirketi,Düzce,İmalat Sanayi
Figes Fizik Ve Geometride Bilgisayar Simülasyonu Hizmet Ticaret A.Ş.,Ankara,Bilgisayar ve İletişim Teknolojileri
Fimak Fırın Makinaları İmalatı Sanayi ve Ticaret A.Ş.,Konya,Makine ve Teçhizat İmalatı
Fkt Koltuk Sistemleri A.Ş.,Bursa,Otomotiv Yan Sanayi
Flokser Kimya Sanayi ve Ticaret A.Ş.,İstanbul,Kimya
Floteks Plastik Sanayi ve Ticaret Anonim Şirketi,Bursa,Otomotiv Yan Sanayi
FNSS Savunma Sistemleri A.Ş.,Ankara,Savunma Sanayi
Fompak Ambalaj Ve Poliüretan Sanayi Ve Ticaret A.Ş.,Bursa,Otomotiv Yan Sanayi
Fonet Bilgi Teknolojileri A.Ş.,Ankara,Yazılım
Ford Otomotiv Sanayi A.Ş. (Ankara),Ankara,Otomotiv
Ford Otomotiv Sanayi A.Ş. (Gölcük),Kocaeli,Otomotiv
Ford Otomotiv Sanayi A.Ş. (İnönü),Eskişehir,Otomotiv
Ford Otomotiv Sanayi A.Ş. (Sancaktepe),İstanbul,Otomotiv
Form Endüstri Tesisleri San. A.Ş.,İzmir,İmalat Sanayi
Formfleks Otomotiv Yan Sanayi ve Ticaret A.Ş.,Bursa,Otomotiv Yan Sanayi
Franke Mutfak ve Banyo Sistemleri Sanayi ve Ticaret Anonim Şirketi,Manisa,İklimlendirme
Freudenberg Sealing Technologies Sanayi ve Ticaret Anonim Şirketi,Bursa,Otomotiv Yan Sanayi
Frimpeks Kimya ve Etiket Sanayi Ticaret Anonim Şirketi,Tekirdağ,Ambalaj
Friterm Termik Cihazlar Sanayi ve Ticaret A.Ş.,İstanbul,İklimlendirme
"Fts Filtrasyon, Arıtım Sis. San. ve Tic. A.Ş.",Ankara,Makine ve Teçhizat İmalatı
G Teknoloji Bilişim Sanayi ve Ticaret Anonim Şirketi,İstanbul,Yazılım
Galsan Plastik Ve Kalıp Sanayi Anonim Şirketi,Kocaeli,Otomotiv Yan Sanayi
Gamak Makine Sanayi A.Ş.,İstanbul,Makine ve Teçhizat İmalatı
Gamateks Tekstil Sanayi Ve Ticaret A.Ş.,Denizli,Tekstil
Garanti Giyim Kompozit Teknolojileri Sanayi ve Ticaret A.Ş.,Yozgat,Tekstil
Gardiyan Sistem Güvenlik Teknolojileri Anonim Şirketi,Ankara,Yazılım
Gates Endüstriyel Metal Kauçuk Sanayi ve Ticaret A.Ş.,İzmir,Otomotiv Yan Sanayi
GE Marmara Technology Center Mühendislik Hizmetleri Limited Şirketi,İstanbul,Mühendislik/Mimarlık Faaliyetleri
Gedik Kaynak San. ve Tic. A.Ş.,Sakarya,Demir ve Demir Dışı Metaller
Gedik Tavukçuluk Ve Tarım Ürünleri Ticaret San. A.Ş.,Uşak,Gıda Sanayi
Gemak Gemi İnş. San. ve Tic. A.Ş.,İstanbul,Denizcilik
Gemak Gıda Endüstri Makinaları Ve Ticaret Anonim Şirketi,Ankara,İmalat Sanayi
Gemciler Güven Metal San. ve Tic. A.Ş.,Kahramanmaraş,Demir ve Demir Dışı Metaller
Gen İlaç ve Sağlık Ürünleri Sanayi Ticaret Anonim Şirketi,Ankara,İlaç
Genex Yazılım A.Ş.,İstanbul,Yazılım
Gensenta İlaç Sanayi Ve Ticaret Anonim Şirketi,İstanbul,İlaç
Gentaş Kimya Sanayi ve Ticaret Pazarlama A.Ş.,Kocaeli,Kimya
Genveon İlaç Sanayi ve Ticaret Anonim Şirketi,Kocaeli,İlaç
Ges Teknik Klima Kontrol Ve Otomasyon Sistemleri Sanayi Ticaret Anonim Şirketi,İstanbul,Elektronik
Gesbey Enerji Türbini Kule Üretim Sanayi ve Ticaret Anonim Şirketi,Balıkesir,Enerji
Getir Perakende Lojistik Anonim Şirketi,İstanbul,Yazılım
Getir Teknolojik Hizmetler A.Ş.,İstanbul,Yazılım
GG Soft Yazılım Hizmetleri Anonim Şirketi,İstanbul,Yazılım
Global Bilgi Pazarlama Danışmanlık ve Çağrı Servisi Hizm. A.Ş.,İstanbul,Bilgisayar ve İletişim Teknolojileri
Golive Yazılım Hizmetleri Anonim Şirketi,İstanbul,Yazılım
Gökçek Makina Sanayi ve Ticaret Anonim Şirketi,Ankara,İmalat Sanayi
Göknur Gıda Maddeleri Enerji İml. İth. İhr. Tic. ve San. A.Ş.,Niğde,Gıda Sanayi
Grammer Koltuk Sistemleri Sanayi ve Ticaret A.Ş.,Bursa,Otomotiv Yan Sanayi
Green Chemicals Kimyasal Maddeler Sanayi ve Ticaret A.Ş.,Kocaeli,Kimya
Green Transfo Energy Turkey Enerji Endüstrisi San. ve Tic. A.Ş.,Kocaeli,Enerji
Grid Solutions Enerji Endüstrisi Anonim Şirketi,Kocaeli,Enerji
GST Elektronik A.Ş.,Uşak,Elektronik
Gtc Güneş Sanayi Ve Ticaret A.Ş.,Adıyaman,Enerji
Gübre Fabrikaları T. A.Ş.,Kocaeli,Kimya
Gülçiçek Kimya ve Uçanyağlar Sanayi ve Ticaret A.Ş.,Kocaeli,Kimya
Güleryüz Karoseri Otomotiv Sanayi Ve Ticaret Anonim Şirketi,Bursa,Otomotiv
Gülle Entegre Tekstil İşletmeleri Eml. Dan. San. ve Tic. A.Ş.,Tekirdağ,Tekstil
Gümüş Arslan Genel Mak. İmal. Ener. ve Isı Sis. San. Tic. Ltd. Şti.,Bursa,Makine ve Teçhizat İmalatı
Güncel Yazılım Bilgisayar Elektronik Sanayi ve Ticaret Limited Şirketi,Bursa,Yazılım
Güney Agripark Tarımsal Araştırmalar San. ve Tic. A.Ş.,Antalya,Tarım
Güralp Vinç Ve Makine Konstrüksiyon Sanayi Ve Ticaret Anonim Şirketi,İzmir,Makine ve Teçhizat İmalatı
Gürçelik Makine End. Otom. Sist. San. Tic. A.Ş.,Kocaeli,Makine ve Teçhizat İmalatı
Gürdesan Gemi Makine Sanayi Ve Ticaret Anonim Şti.,Kocaeli,Denizcilik
Gürgenler Metal Şekillendirme İşleme Sanayi ve Tic. A.Ş.,Ankara,İmalat Sanayi
Gürmat Elektrik Üretim A.Ş.,Aydın,Enerji
Güven Mühendislik Makina Kimya ve Elektronik Anonim Şirketi,Kayseri,Makine ve Teçhizat İmalatı
Güzelcan Suni Deri Tekstil Sanayi ve Ticaret Anonim Şirketi,İzmir,Tekstil
Gvg Danışmanlık Anonim Şirketi,İstanbul,Yazılım
Hacı Ayvaz End. Mam. San. ve Tic. A.Ş.,İstanbul,Demir ve Demir Dışı Metaller
Haffner Makina San. Tic. A.Ş.,İstanbul,Makine ve Teçhizat İmalatı
Hangisi İnternet ve Bilgi Hizmetleri A.Ş.,İstanbul,Bilgisayar ve İletişim Teknolojileri
Harput Tekstil Sanayi ve Ticaret A.Ş.,Bursa,Tekstil
Has Fasteners Vida Bağlantı Elemanları A.Ş.,Kocaeli,Demir ve Demir Dışı Metaller
Hasçelik Kablo Sanayi Ve Ticaret A.Ş.,Kayseri,Enerji
Hassan Tekstil San. ve Tic. A.Ş.,İstanbul,Tekstil
Hastavuk Gıda Tarım Hayvancılık San. ve Tic. A.Ş.,Balıkesir,Hayvancılık
Hatko Teknik Donanımlar Mümessilik Ve Ticaret A.Ş.,İstanbul,Makine ve Teçhizat İmalatı
Haus Makina Sanayi Ticaret Anonim Şirketi,Aydın,Makine ve Teçhizat İmalatı
Havelsan Hava Elektronik Sanayi Ve Ticaret A.Ş. (Ankara),Ankara,Savunma Sanayi
Havelsan Hava Elektronik Sanayi Ve Ticaret A.Ş. (İstanbul),İstanbul,Savunma Sanayi
Havelsan Hava Elektronik Sanayi Ve Ticaret A.Ş. (ODTÜ-Teknokent),Ankara,Bilgisayar ve İletişim Teknolojileri
Havelsan Teknoloji Radar (HTR) Sanayi Ve Ticaret Anonim Şirketi,Ankara,Savunma Sanayi
Hayat Kimya Sanayi A.Ş.,Kocaeli,Kimya
Heksagon Mühendislik Ve Tasarım A.Ş.,Kocaeli,Otomotiv Tasarımı ve Mühendislik
Hektaş Ticaret Türk A.Ş. (Gebze Şubesi),Kocaeli,Tarım
Hektaş Ticaret Türk A.Ş. (Orhangazi Şubesi),Bursa,Tarım
Helba İlaç İç ve Dış Sanayi Ticaret Anonim Şirketi,İstanbul,İlaç
Hema Endüstri A.Ş.,Tekirdağ,Otomotiv Yan Sanayi
Heriş Seramik ve Turizm San. A.Ş.,Kütahya,Seramik ve Refrakter
Hey Teknoloji Yazılım Danışmanlık Sanayi ve Ticaret Limited Şirketi,Kahramanmaraş,Yazılım
Hidroan Ankara Hidrolik Makina Sanayi Ticaret Ltd. Şti.,Ankara,Makine ve Teçhizat İmalatı
Hidromek - Hidrolik ve Mekanik Makina İmalat Sanayi ve Ticaret A.Ş. (Ar-Ge 1),Ankara,Makine ve Teçhizat İmalatı
Hidromek - Hidrolik ve Mekanik Makina İmalat Sanayi ve Ticaret A.Ş. (Ar-Ge 2),Ankara,Makine ve Teçhizat İmalatı
Hidropar Hareket Kontrol Teknolojileri Merkezi Sanayi Ve Ticaret Anonim Şirketi,Kocaeli,Makine ve Teçhizat İmalatı
Hid-Tek Mak. San. Tic. Ltd. Şti.,Bursa,Makine ve Teçhizat İmalatı
Hisar Sağlık Hizmetleri Eğt. Araş. ve Tıbbi Cihaz İnşaat San. ve Tic. A.Ş.,İstanbul,Bilgisayar ve İletişim Teknolojileri
Hisarlar Makina Sanayi ve Ticaret A.Ş.,Eskişehir,Makine ve Teçhizat İmalatı
Hit Bilişim Danışmanlık Hizmetleri Sanayi ve Ticaret A.Ş.,İstanbul,Yazılım
Hks Has Asansör A.Ş.,Bursa,Makine ve Teçhizat İmalatı
Hometech Elektronik Sanayi ve Ticaret Anonim Şirketi,İstanbul,Elektronik
Horoz Lojistik Kargo Hizmetleri ve Ticaret Anonim Şirketi,İstanbul,Ulaştırma ve Lojistik
Huawei Telekomünikasyon Dış Ticaret Ltd. Şti.,İstanbul,Telekomünikasyon
Hugin Ödeme Sistemleri Anonim Şirketi,İstanbul,Makine ve Teçhizat İmalatı
Humanis Sağlık A.Ş.,Tekirdağ,İlaç
"Ibtech Uluslararası Bilişim Ve İletişim Teknolojileri Araştırma, Geliştirme, Danışmanlık, Destek San. ve Tic. A.Ş.",İstanbul,Yazılım
Icm Makina Ve Mühendislik Ltd.şti.,Kocaeli,Makine ve Teçhizat İmalatı
Ideasoft Yazılım San. ve Tic. A.Ş.,İstanbul,Bilgisayar ve İletişim Teknolojileri
IFF Aroma Esans Sanayi ve Ticaret A.Ş.,Kocaeli,Gıda Sanayi
Ihı Dalgakıran Makina Sanayi ve Ticaret A.Ş.,Kocaeli,Makine ve Teçhizat İmalatı
Ilsan Tekstil San. ve Tic. A.Ş.,Malatya,Tekstil
Inavitas Enerji A.Ş.,Ankara,Enerji
Ind Yazılım Bilişim Teknolojileri San. ve Tic. A.Ş.,İstanbul,Yazılım
Innosa Yazılım Teknolojileri Anonim Şirketi,İzmir,Yazılım
Innovance Bilgi Teknolojileri A.Ş.,İstanbul,Bilgisayar ve İletişim Teknolojileri
Inomera Arge ve Bilişim Hizmetleri A.Ş.,İstanbul,Yazılım
Intecon Bilişim Ve Danışmanlık Hizm. Tic. Ltd. Şti.,İzmir,Bilgisayar ve İletişim Teknolojileri
"Intecro Robotik, Otomasyon, Arge, Mühendislik, Makina San. Tic. A.Ş.",Ankara,Makine ve Teçhizat İmalatı
Interprobe Bilgi Teknolojileri A.Ş.,Ankara,Yazılım
Inveon Bilgi Teknolojileri Dan. Ve Tic. A.Ş.,İstanbul,Yazılım
Işık Plastik San. ve Dış Tic. Paz. A.Ş.,Kocaeli,Lastik-Plastik-Kauçuk
Işık Tarım Ürünleri San. Ve Tic. A.Ş.,İzmir,Tarım
Işıksoy Tekstil A.Ş.,Bursa,Tekstil
İba Kimya Sanayi ve Ticaret A.Ş.,Ankara,Kimya
İbraş Kauçuk Otomotiv Yan Sanayi ve Ticaret A.Ş.,Bursa,Otomotiv Yan Sanayi
İdea Teknoloji Çözümleri Bilgisayar San. ve Tic. A.Ş.,İstanbul,Yazılım
İGDAŞ-İstanbul Gaz Dağıtım Sanayi ve Ticaret A.Ş.,İstanbul,Mühendislik/Mimarlık Faaliyetleri
İğrek Makina Sanayi Ve Ticaret A.Ş.,Bursa,Makine ve Teçhizat İmalatı
İhlas Ev Aletleri İmalat San. ve Tic. A.Ş.,İstanbul,Dayanıklı Tüketim Malları
İhs Kurumsal Teknoloji Hizmetleri A.Ş.,İstanbul,Bilgisayar ve İletişim Teknolojileri
İlab Holding A.Ş.,İstanbul,Bilgisayar ve İletişim Teknolojileri
İleri Pencere Kapı Sistemleri Sanayi ve Ticaret Anonim Şirketi,İstanbul,Makine ve Teçhizat İmalatı
İletişim Bilgisayar Yazılım Sistemleri İhracat İthalat Sanayi Ticaret Anonim Şirketi,Bursa,Bilgisayar ve İletişim Teknolojileri
İlka Plastik Ambalaj Gıda Sanayi ve Ticaret Anonim Şirketi,Kocaeli,Ambalaj
İlko İlaç San. ve Tic. A.Ş.,Ankara,İlaç
İmaş Makina San A.Ş.,Konya,Makine ve Teçhizat İmalatı
İmbat Soğutma Isıtma Makina San. Tic. A.Ş.,İzmir,İklimlendirme
İnan Makina Sanayi ve Ticaret A.Ş.,Tekirdağ,Makine ve Teçhizat İmalatı
İnci Gs Yuasa Akü San. ve Tic. A.Ş.,Manisa,Otomotiv Yan Sanayi
İnfina Yazılım A.Ş. Ar-Ge Merkezi,İstanbul,Bilgisayar ve İletişim Teknolojileri
İnform Elektronik San. ve Tic. A.Ş.,Kocaeli,Elektronik
İnnova Bilişim Çözümleri A.Ş. (Ankara),Ankara,Yazılım
İnnova Bilişim Çözümleri A.Ş. (İstanbul),İstanbul,Bilgisayar ve İletişim Teknolojileri
İnoksan Mutfak Sanayi Ve Ticaret A.Ş.,Bursa,Makine ve Teçhizat İmalatı
İnsu Teknik Makine Sanayi Ve Ticaret Anonim Şirketi,Bursa,Otomotiv Yan Sanayi
İnter Abrasiv San. ve Tic. A.Ş.,Manisa,Madencilik
İntergen Genetik ve Nadir Hastalıklar Tanı Araştırma ve Uygulama Merkezi A.Ş.,Ankara,Sağlık
İnterplast Kimya San. Ve Tic. A.Ş.,İstanbul,Kimya
İsbak İstanbul Bilişim ve Akıllı Kent Teknolojileri A.Ş.,İstanbul,Elektronik
İskur Denim İşletmeleri San. ve Tic. A.Ş.,Kahramanmaraş,Tekstil
İskur Tekstil Enerji Ticaret ve Sanayi A.Ş.,Kahramanmaraş,Tekstil
İsnet İstanbul Nettelekomünikasyon Elektronik Servis Hizmetleri Ticaret ve Sanayi A.Ş.,İstanbul,Telekomünikasyon
İspak Esnek Ambalaj Sanayi Anonim Şirketi,Kocaeli,Ambalaj
İstanbul Gübre Sanayii Anonim Şirketi (Kütahya),Kütahya,Kimya
İstanbul Takas ve Saklama Bankası A.Ş.,İstanbul,Bankacılık ve Finans
İstanbul Tarım San. ve Tic. A.Ş.,Antalya,Tarım
İstanbul Teknik İnşaat San. ve Tic. A.Ş.,İstanbul,İnşaat
İstikbal Mobilya Sanayi Ve Ticaret Anonim Şirketi,Kayseri,Mobilya
İş Zekası Yazılım Danışmanlık Hizmetleri Tic. A.ş.,İstanbul,Yazılım
İşbir Elektrik Sanayi A.Ş.,Balıkesir,Enerji
İşbir Sentetik Dokuma Sanayi A.Ş.,Balıkesir,Tekstil
İtech Robotik Otomasyon Yen. Enerji Eğt. Med. Taah. San. Ve Tic. Ltd. Şti.,Isparta,Yazılım
İzel Kimya San. ve Tic. A.Ş.,Kocaeli,Kimya
İzmir Eğitim Sağlık Sanayi Yatırım A.Ş.,Manisa,Kimya
İzsal Bilgi Sistemleri ve Gayrimenkul Geliştirme A.Ş.,İstanbul,Bilgisayar ve İletişim Teknolojileri
Jotun Boya Sanayi ve Ticaret Anonim Şirketi,Tekirdağ,Kimya
K.f.c. Gıda A.Ş.,İzmir,Gıda Sanayi
Kadifeteks Mensucat Sanayi A.Ş. (İstanbul Şubesi),İstanbul,Tekstil
Kadifeteks Mensucat Sanayi A.Ş. (Kuzuluk Şubesi),Sakarya,Tekstil
Kahramanmaraş Kağıt Sanayi ve Ticaret A.Ş.,Kahramanmaraş,Kağıt ve Kağıt Ürünleri
Kale Balata Otomotiv Sanayi ve Ticaret A.Ş.,Kocaeli,Otomotiv Yan Sanayi
Kale Care Chemicals Kimyevi Maddeler Anonim Şirketi,Kocaeli,Kimya
Kale Jet Motorları Sanayi A.Ş.,İstanbul,Havacılık
Kale Kilit ve Kalıp Sanayi Anonim Şirketi,Tekirdağ,İmalat Sanayi
Kale Oto Radyatör Sanayi ve Ticaret Anonim Şirketi,Kocaeli,Otomotiv Yan Sanayi
Kalekalıp Makina Ve Kalıp Sanayi Anonim Şirketi,İstanbul,Savunma Sanayi
Kalekim Kimyevi Maddeler Sanayi Ve Ticaret A.Ş.,İstanbul,Kimya
Kaleseramik Çanakkale Kalebodur Seramik San. A.Ş.,Çanakkale,Seramik ve Refrakter
Kalibre Boru San. ve Tic. A.Ş.,Kocaeli,Otomotiv Yan Sanayi
Kalyon Güneş Teknolojileri Üretim Anonim Şirketi,Ankara,Enerji
Kanat Boyacılık Ticaret ve Sanayi A.Ş.,İzmir,Kimya
Kanca El Aletleri Dövme Çelik ve Makine Sanayi A.Ş.,Kocaeli,Otomotiv Yan Sanayi
Kansai Altan Boya Sanayi ve Ticaret A.Ş.,İzmir,Kimya
Kansan Makina Kağıt San. ve Tic. A.Ş.,İzmir,Makine ve Teçhizat İmalatı
Kaplanlar Soğutma San. ve Tic. A.Ş.,Bursa,Makine ve Teçhizat İmalatı
Kar Metal Sanayi Ve Ticaret Limited Şirketi,Sakarya,Makine ve Teçhizat İmalatı
Karacasu Tekstil Tic. ve San. A.Ş.,Kahramanmaraş,Tekstil
Karafiber Tekstil Sanayi ve Ticaret A.Ş.,Gaziantep,Tekstil
Karakaya 86 Katoforez Kaplama Sanayi Ticaret A.Ş.,Kocaeli,Otomotiv Yan Sanayi
Karbonsan Basınçlı Kaplar Sanayi ve Ticaret Anonim Şirketi,Bursa,Makine ve Teçhizat İmalatı
Karcan Kesici Takım San. ve Tic. A.Ş.,Eskişehir,Makine ve Teçhizat İmalatı
Kardemir Çelik San. A.Ş.,İzmir,Demir ve Demir Dışı Metaller
Kardemir Karabük Demir Çelik Sanayi Ve Ticaret Anonim Şirketi,Karabük,Demir ve Demir Dışı Metaller
Kare Hızlı Teknoloji Hizmetleri Anonim Şirketi,İstanbul,Yazılım
Kar-El Demir Tel Sanayi ve Ticaret Limited Şirketi,İzmir,İmalat Sanayi
Karel Elektronik Sanayi ve Ticaret A.Ş.,Ankara,Telekomünikasyon
Karel Kalıp Sanayi A.Ş.,İstanbul,Otomotiv Yan Sanayi
Karesi Polyester ve Petrokimya Sanayi A.Ş.,Bursa,Tekstil
Kariyer.net Elektronik Yayın Ve İletişim Hizmetleri A.Ş.,İstanbul,Bilgisayar ve İletişim Teknolojileri
Karluna Mühendislik Sanayi ve Ticaret A.Ş.,İzmir,Elektronik
Karsan Otomotiv Sanayi ve Ticaret A.Ş.,Bursa,Otomotiv
Kastamonu Entegre Ağaç Sanayi ve Ticaret A.Ş.,İstanbul,Orman Ürünleri
Kastaş Sızdırmazlık Teknolojileri San. ve Tic. A.Ş.,İzmir,Lastik-Plastik-Kauçuk
Katmerciler Araç Üstü Ekipman San. ve Tic. A.Ş.,İzmir,Otomotiv
Kayalar Bakır Alaşımları San. ve Tic. A.Ş.,Tekirdağ,Demir ve Demir Dışı Metaller
Kayalar Kimya San. ve Tic. A.Ş.,İstanbul,Kimya
Kayhan Ertuğrul Makina Sanayi ve Ticaret A.Ş.,Burdur,Makine ve Teçhizat İmalatı
Kayseri Metal Center Sanayi ve Ticaret Anonim Şirketi,İzmir,Demir ve Demir Dışı Metaller
Kayseri Şeker Fabrikası A.Ş.,Kayseri,Gıda Sanayi
Kayseri Ulaşım Turizm İnşaat Taahhüt Proje Müşavirlik Telekomünikasyon San. ve Tic. A.Ş.,Kayseri,Ulaştırma ve Lojistik
Kazlıçeşme Deri Ürünleri Araştırma Geliştirme San. ve Tic. Ltd. Şti,İstanbul,Deri ve Deri Ürünleri
Kempropol Kimyasal Ve Polimer Maddeler Sanayi Ve Ticaret Anonim Şirketi,İstanbul,Kimya
Kent Kart Ege Elektronik San. ve Tic. A.Ş.,İzmir,Elektronik
Kentpar Otomotiv Yedek Parça A.Ş.,Konya,Otomotiv Tasarımı ve Mühendislik
Keramik Makina Sanayi ve Ticaret Anonim Şirketi,Kocaeli,Makine ve Teçhizat İmalatı
Kerevitaş Gıda Sanayi ve Ticaret A.Ş. (Bursa),Bursa,Gıda Sanayi
Kerevitaş Gıda Sanayi ve Ticaret A.Ş. (Kurtköy-İstanbul),İstanbul,Gıda Sanayi
Kervan Gıda San. ve Tic. A.Ş.,Manisa,Gıda Sanayi
Keskinoğlu Tavukçuluk ve Damızlık İşletmeleri Sanayi Ticaret Anonim Şirketi,Manisa,Gıda Sanayi
Keydata Bilgi İşlem Teknoloji Sistemleri Anonim Şirketi,Ankara,Bilgisayar ve İletişim Teknolojileri
Kırpart Otomotiv Parçaları San. Ve Tic. A.Ş.,Bursa,Otomotiv Yan Sanayi
Kızılay İçecek A.Ş.,Afyonkarahisar,Gıda Sanayi
Kilim Mobilya A.Ş.,Kayseri,Mobilya
KİM Kayseri İleri Malzemeler Sanayi ve Teknoloji A.Ş.,Kayseri,Savunma Sanayi
Kimteks Poliüretan Sanayi ve Ticaret A.Ş.,Kocaeli,Kimya
Kipaş Mensucat İşletmeleri A.Ş.,Kahramanmaraş,Tekstil
KKB Kredi Kayıt Bürosu Anonim Şirketi,İstanbul,Bilgisayar ve İletişim Teknolojileri
Klemsan Elektrik Elektronik Sanayi Ve Ticaret Anonim Şirketi,İzmir,İmalat Sanayi
Klimasan A.Ş.,Manisa,Dayanıklı Tüketim Malları
Kobay Deney Hayvanları Laboratuarı Sanayi ve Ticaret Anonim Şirketi,Ankara,Sağlık
Kobil Teknoloji Anonim Şirketi,İstanbul,Bilgisayar ve İletişim Teknolojileri
Koç Bilgi ve Savunma Teknolojileri Anonim Şirketi,Ankara,Savunma Sanayi
Koç Finansman Anonim Şirketi,İstanbul,Bankacılık ve Finans
Koçak Farma İlaç ve Kimya Sanayi A.Ş.,Tekirdağ,İlaç
Koçdigital Çözümler A.Ş.,İstanbul,Bilgisayar ve İletişim Teknolojileri
KoçSistem Bilgi ve İletişim Hizmetleri A.Ş.,İstanbul,Yazılım
Koçtaş Yapı Marketleri Tic. A.Ş.,İstanbul,Perakendecilik
Kofs Makina ve Orman Ürünleri Sanayi ve Ticaret Limited Şirketi,Isparta,Silah ve Mühimmat İmalatı
Kokteyl Bilgi Teknolojisi Hizmetleri A.Ş.,İstanbul,Yazılım
Koluman Otomotiv Endüstri A.Ş.,Mersin,Otomotiv
Konfides Bilgi Teknolojileri Ticaret A.Ş.,İstanbul,Yazılım
Konya Şeker Sanayi Ve Ticaret A.Ş.,Konya,Gıda Sanayi
Kor Metal Sanayi ve Ticaret A.Ş.,İstanbul,Otomotiv Yan Sanayi
Kord Endüstriyel İp ve İplik San. ve Tic. A.Ş.,Kırklareli,Tekstil
Kordsa Teknik Tekstil A.Ş. (İstanbul Şubesi),İstanbul,Tekstil
Kordsa Teknik Tekstil A.Ş. (Kocaeli Şubesi),Kocaeli,Tekstil
Korkmaz Mutfak Eşyaları San. ve Tic. A.Ş.,İstanbul,Dayanıklı Tüketim Malları
Kormas Elektrikli Motor Sanayi ve Ticaret A.Ş.,Kocaeli,Elektronik
Korteks Mensucat San. ve Tic. A.Ş.,Bursa,Tekstil
Koruma Klor Alkali Sanayi ve Ticaret A.Ş.,Kocaeli,Kimya
Kosan Kozmetik Sanayi ve Ticaret Anonim Şirketi,Kocaeli,Kozmetik ve Temizlik Ürünleri
Kösedağ Tel Örme Çit Sanayi ve Ticaret İthalat İhracat Anonim Şirketi,İstanbul,Makine ve Teçhizat İmalatı
Krea İçerik Hizmetleri Ve Prodüksiyon A.Ş.,İstanbul,Bilgisayar ve İletişim Teknolojileri
Kristal Endüstriyel Mutfak Çamaşırhane Makine Pazarlama San. ve Tic. A.Ş.,Antalya,Makine ve Teçhizat İmalatı
Kromel Makina Sanayi Ve Ticaret Anonim Şirketi,Sakarya,Makine ve Teçhizat İmalatı
Kron Teknoloji Anonim Şirketi,İzmir,Yazılım
Ksb Pompa Armatür Sanayi ve Ticaret A.Ş.,Ankara,Makine ve Teçhizat İmalatı
Kumtel Dayanıklı Tüketim Malları Plastik San. ve Tic. A.Ş.,Kayseri,Dayanıklı Tüketim Malları
Kurtsan İlaçları A.Ş.,Balıkesir,İlaç
Kuzey Boru Anonim Şirketi,Aksaray,İmalat Sanayi
Küçükçalık Tekstil San. Ve Tic. A.Ş. (Bursa Şubesi),Bursa,Tekstil
Küçükçalık Tekstil San. Ve Tic. A.Ş. (Sakarya Şubesi),Sakarya,Tekstil
Küçüker Tekstil San. ve Tic. A.Ş.,Denizli,Tekstil
Küçükler Tekstil Sanayi ve Ticaret A.Ş.,Kayseri,Tekstil
Kümaş Manyezit Sanayi A.Ş.,Kütahya,Seramik ve Refrakter
Kütahya Porselen Sanayi A.Ş.,Kütahya,Seramik ve Refrakter
Latro Kimya Dış Ticaret A.Ş.,İstanbul,Kimya
Lentatek Uzay Havacılık ve Teknoloji A.Ş.,Ankara,Savunma Sanayi
Lidersan Sağlık ve Gıda A.Ş.,Gaziantep,Sağlık
LİLA KOZMETİK VE İLAÇ SANAYİ ANONİM ŞİRKETİ,Diyarbakır,Kozmetik ve Temizlik Ürünleri
Limak Çimento Sanayi ve Ticaret Anonim Şirketi,Ankara,Çimento ve Çimento Ürünleri
Linkas Teknoloji San. Tic. A.Ş.,Ankara,Elektronik
Litum Bilgi Teknolojileri Sanayi ve Dış Ticaret Anonim Şirketi,İzmir,Bilgisayar ve İletişim Teknolojileri
Logos Kimya Teknolojileri Sanayi ve Ticaret Ltd. Şti.,Ankara,Makine ve Teçhizat İmalatı
Loodos Teknoloji Anonim Şirketi,İstanbul,Bilgisayar ve İletişim Teknolojileri
Lotte Chemical Turkey Yüzey Tasarımları Sanayi ve Ticaret A.Ş.,Manisa,İnşaat
LÖSEV Sağlık Tanıtım ve Reklamcılık Turizm Hizmetleri Tarım Hayvancılık Ticaret Anonim Şirketi,Ankara,Sağlık
Lubratek Endüstriyel Yağlar ve Kimyasal Maddeler San. Tic. A.Ş.,Kocaeli,Petrol ve Petrol Ürünleri
Luna Elektrik Elektronik Sanayi ve Ticaret A.Ş.,İzmir,Elektronik
Lupamat Makina Sanayii A.Ş.,İzmir,Makine ve Teçhizat İmalatı
M.B.İ.S. Bilgisayar Otomasyon Danışmanlık ve Eğitim Hizmetleri Sanayi Ticaret A.Ş.,İstanbul,Yazılım
M.F.K. Makina Freze Kalıp Oto Yan Sanayi İmalat ve İnşaat Paz. San. Tic. Ltd. Şti. (Ankara),Ankara,İmalat Sanayi
M.F.K. Makina Freze Kalıp Oto Yan Sanayi İmalat ve İnşaat Paz. San. Tic. Ltd. Şti. (Yenişehir),Bursa,İmalat Sanayi
Macellan Bilişim Danışmanlık Tic. Ltd. Şti.,İstanbul,Yazılım
Magna Otomotiv Sanayi ve Ticaret A.Ş.,Kocaeli,Otomotiv Yan Sanayi
Makel Elektrik Malzemeleri Sanayi ve Ticaret A.Ş.,İstanbul,Elektronik
Makersan Makina Otomotiv Sanayi Ticaret Anonim Şirketi,Kocaeli,Otomotiv Yan Sanayi
Makine ve Kimya Endüstrisi A.Ş.,Ankara,Savunma Sanayi
Maksan Malatya Makina Sanayii A.Ş.,Malatya,Makine ve Teçhizat İmalatı
Mamur Teknoloji Sistemleri Sanayi A.Ş.,İstanbul,Makine ve Teçhizat İmalatı
MAN Türkiye A.Ş. (Ar-Ge -1),Ankara,Otomotiv
MAN Türkiye A.Ş. (Ar-Ge-2),Ankara,Otomotiv
Manier Tohumculuk Ziraat Kimya San. ve Tic. Ltd. Şti.,Adana,Tarım
MA-PA Makina Parçaları Endüstrisi A.Ş.,Kocaeli,Otomotiv Yan Sanayi
Maptriks Bilişim Teknolojileri Sanayi Ve Ticaret Anonim Şirketi,İstanbul,Bilgisayar ve İletişim Teknolojileri
Marelli Mako Turkey Elektrik Sanayi Ve Ticaret A.Ş.,Bursa,Otomotiv Yan Sanayi
Maritaş Denim San. Tic. A.Ş.,Kahramanmaraş,Tekstil
Marlateks Teknoloji Tekstil Makine Ve Kimya San. Tic. A.ş.,İstanbul,Kimya
Marshall Boya ve Vernik San. A.Ş.,Kocaeli,Kimya
Martur Sünger ve Koltuk Tesisleri Tic. ve San. A.Ş.,Bursa,Otomotiv Yan Sanayi
Maspo Enerji San. ve Tic. A.Ş.,Manisa,Enerji
Master Savunma ve Bilişim Teknolojileri Sanayi Ticaret Anonim Şirketi,Ankara,Savunma Sanayi
Matel Hammadde Sanayi ve Ticaret Anonim Şirketi,Manisa,Seramik ve Refrakter
Matil Malzeme Test Ve İnovasyon Laboratuvarları A.Ş.,İstanbul,Demir ve Demir Dışı Metaller
Maysa Gıda Sanayi ve Ticaret A.Ş.,İstanbul,Gıda Sanayi
Maysan Mando Otomotiv Parçaları Sanayi ve Ticaret A.Ş.,Bursa,Otomotiv Yan Sanayi
Mayteks Örme Sanayi Ve Ticaret Anonim Şirketi,Manisa,Tekstil
MC Filtre Sanayi ve Ticaret Anonim Şirketi,Samsun,Otomotiv Yan Sanayi
Mcfly Robot Teknolojileri A.Ş.,İstanbul,Makine ve Teçhizat İmalatı
MDP TR Teknoloji Limited Şirketi,İstanbul,Yazılım
Medianova İnternet Hizmetleri A.Ş.,İstanbul,Bilgisayar ve İletişim Teknolojileri
Meditera Tıbbi Malzeme San. Tic. A.Ş.,İzmir,Medikal
Medyasoft Danışmanlık ve Eğitim A.Ş.,İstanbul,Yazılım
Mefar İlaç Sanayi A.Ş.,İstanbul,İlaç
Meg Gemi Ve Makine San. Tic Ltd. Şti.,Kocaeli,Makine ve Teçhizat İmalatı
Mega Endüstri Kontrol Sistemleri Ticaret Limited Şirketi,Ankara,Yazılım
Me-ge Teknik Elektronik Sanayi Ve Ticaret Anonim Şirketi,Ankara,Savunma Sanayi
Meka Global Makine İmalat Sanayi ve Ticaret A.Ş.,Ankara,Makine ve Teçhizat İmalatı
MEM Tekstil Sanayi ve Ticaret A.Ş.,Kahramanmaraş,Tekstil
Memak Plastik Gıda Makina Sanayi Ticaret Anonim Şirketi,Konya,Makine ve Teçhizat İmalatı
Menderes Tekstil Sanayi ve Ticaret A.Ş.,Denizli,Tekstil
Mepsan Petrol Cih. San. ve Tic. A.Ş.,Konya,Makine ve Teçhizat İmalatı
Mercan Kimya San. Tic. Anonim Şirketi,Denizli,Kimya
Mercedes Benz Türk A.Ş. (Aksaray),Aksaray,Otomotiv
Mercedes Benz Türk A.Ş. (İstanbul),İstanbul,Otomotiv
Merih Asansör Sanayi Ve Ticaret Anonim Şirketi,Ankara,Makine ve Teçhizat İmalatı
Merkez Anadolu Kimya Sanayi Üretim Pazarlama A.Ş.,Antalya,Tarım
Merkezi Kayıt Kuruluşu A.Ş.,İstanbul,Bankacılık ve Finans
Mert Teknik Fabrika Malzemeleri Tic. Ve San. A.Ş.,İstanbul,Makine ve Teçhizat İmalatı
Mesa Makina Döküm Gıda Sanayi Ve Ticaret A.Ş.,Konya,Otomotiv Yan Sanayi
Mesan Kilit Anonim Şirketi,İstanbul,Makine ve Teçhizat İmalatı
Meta Nikel Kobalt Madencilik ve Sanayi A.Ş.,Manisa,Madencilik
Metal Ve Yapı Sistemleri Ticaret A.Ş.,İstanbul,İnşaat
Metrik Bilgisayar Yaz. Dan. Ser. San. Tic. Ltd. Şti.,İstanbul,Yazılım
Metro İstanbul Sanayi ve Ticaret Anonim Şirketi,İstanbul,Ulaştırma ve Lojistik
Metropal Kurumsal Hizmetler Anonim Şirketi,İstanbul,Yazılım
MFA İş Güvenliği Medikal Anonim Şirketi,Zonguldak,Medikal
Microsoft Bilgisayar Yazılım Hizm.Ltd.Şti.,İstanbul,Yazılım
Migros Ticaret A.Ş.,İstanbul,Perakendecilik
Milvus Robotics Teknoloji Anonim Şirketi,Ankara,Makine ve Teçhizat İmalatı
Mirsis Bilgi Teknolojileri A.Ş.,İstanbul,Bilgisayar ve İletişim Teknolojileri
Mks Devo Kimya Sanayi Ticaret A.Ş.,Balıkesir,Kimya
Mlp Sağlık Hizmetleri A.Ş.,İstanbul,Sağlık
MMM ERBA Makina Otomotiv Proje Çelik Müh. Eğitim Ve Dan. İnş. Enerji Taah. Sanayi Ve Ticaret A.Ş.,Ankara,Makine ve Teçhizat İmalatı
MND İzolasyon ve Teknoloji Sanayi Ticaret Anonim Şirketi,Manisa,Makine ve Teçhizat İmalatı
Mng Kargo Yurtiçi ve Yurtdışı Taşımacılık A.Ş.,İstanbul,Yazılım
Mnm Teknoloji Anonim Şirketi,İstanbul,Yazılım
Mobildev İletişim Hizmetleri Sanayi ve Ticaret A.Ş.,İstanbul,Telekomünikasyon
Mobiliva Mobil Bilişim Hizmetleri Sanayi Ve Ticaret Ltd. Şti.,İstanbul,Yazılım
Modanisa Elektronik Mağazacılık ve Ticaret A.Ş.,İstanbul,Yazılım
Modern Karton San. ve Tic. A.Ş.,Tekirdağ,Kağıt ve Kağıt Ürünleri
Mogul Tekstil San. ve Tic. A.Ş.,Gaziantep,Tekstil
Moka United Ödeme Hizmetleri ve Elektronik Para Kuruluşu A.Ş.,İstanbul,Bankacılık ve Finans
Molkim Endüstriyel Ürünler Sanayi Ve Ticaret Anonim Şirketi,İzmir,Kimya
Moneypay Ödeme ve Elektronik Para Hizmetleri Anonim Şirketi,İstanbul,Yazılım
Moonlight Aydınlatma San. Tic. A.Ş.,Ankara,Elektronik
Mosaş Akıllı Ulaşım Teknolojileri Anonim Şirketi,Konya,Elektronik
Mpg Makine Prodüksiyon Grubu Makine İmalat Sanayi ve Ticaret A.Ş.,Konya,Makine ve Teçhizat İmalatı
Mrc Arge Enerji Mühendisliği Kontrol ve Test Hizmetleri Anonim Şirketi,Ankara,Enerji
Mro Teknik Servis San. Tic. A.Ş.,İstanbul,Havacılık
MSK Forge Metal A.Ş.,Bursa,Otomotiv Yan Sanayi
MTN Kalıp Sanayi A.Ş.,İstanbul,İmalat Sanayi
Multi Tohum Tarım Sanayi Ticaret A.Ş.,Antalya,Tarım
Multitek Elektronik San. ve Tic. A.Ş.,İstanbul,Elektronik
Muratbey Gıda San. Tic. A.Ş. (Ar-Ge-1),Uşak,Gıda Sanayi
Muratbey Gıda San. Tic. A.Ş. (Ar-Ge-2),Uşak,Gıda Sanayi
Mutlu Akü ve Malzemeleri San. A.Ş.,İstanbul,İmalat Sanayi
Mutlusan Plastik Elektrik Sanayi ve Ticaret Anonim Şirketi,İstanbul,İmalat Sanayi
Mvd Makina Sanayi A.Ş.,Konya,Makine ve Teçhizat İmalatı
Namet Gıda Sanayi ve Ticaret A.Ş.,Kocaeli,Gıda Sanayi
Nar Sistem Teknoloji Anonim Şirketi,İstanbul,Yazılım
Nazar Tekstil Sanayi ve Ticaret Anonim Şirketi,Kahramanmaraş,Tekstil
Nedu Bağlantı Elemanları Sanayi ve Ticaret A.Ş.,İzmir,Otomotiv Yan Sanayi
Nemak İzmir Döküm Sanayi A.Ş.,İzmir,Dökümcülük
Neo Auvra Dijital Sağlık ve Biyonik Teknolojileri ve Hizmetleri Sanayi ve Ticaret Anonim Şirketi,İstanbul,Yazılım
Nero Endüstri Savunma Sanayi A.Ş.,Ankara,Savunma Sanayi
Neta Elektronik Cihazlar Sanayi ve Ticaret A.Ş.,İstanbul,Elektronik
Netaş Telekomünikasyon Anonim Şirketi,İstanbul,Telekomünikasyon
Netbt Danışmanlık Hizmetleri Anonim Şirketi,İstanbul,Yazılım
Netcad Yazılım A.Ş.,İstanbul,Bilgisayar ve İletişim Teknolojileri
Netgsm İletişim ve Bilgi Teknolojileri A.Ş.,Ankara,Bilgisayar ve İletişim Teknolojileri
Nexans Türkiye Endüstri Ve Ticaret A.Ş. (Denizli),Denizli,Elektronik
Nexans Türkiye Endüstri Ve Ticaret A.Ş. (İstanbul),İstanbul,Elektronik
Next4biz Bilgi Teknolojileri A.Ş.,İstanbul,Bilgisayar ve İletişim Teknolojileri
Ng Kütahya Seramik Porselen Ve Turizm Anonim Şirketi,Kütahya,Seramik ve Refrakter
Ng Lojistik Pazarlama Yatırım ve Gayrimenkul A.Ş.,Kütahya,Makine ve Teçhizat İmalatı
Nit Örme Tekstil Sanayi ve Ticaret Ltd. Şti.,İstanbul,Makine ve Teçhizat İmalatı
Nitrocare Medikal Mobilya Sanayi ve Ticaret Anonim Şİrketi,Sivas,Medikal
Nobel İlaç Sanayi Ve Ticaret A.Ş.,Düzce,İlaç
Nokta Mühendislik A.Ş.,İstanbul,Elektronik
Norm İzmir Civata San. ve Tic. A.Ş.,İzmir,Makine ve Teçhizat İmalatı
Nova Kalıp Sanayi A.Ş.,Eskişehir,Lastik-Plastik-Kauçuk
Novagenix Biyoanalitik İlaç Araştırma-Geliştirme Merkezi San. Ve Tic. A.Ş.,Ankara,İlaç
Ntg Plastik San. ve Tic. A.Ş.,Sakarya,İmalat Sanayi
NTT DATA Business Solutions Bilgi Sistemleri A.Ş.,İstanbul,Yazılım
Nuh Yapı Ürünleri Anonim Şirketi,Kocaeli,Çimento ve Çimento Ürünleri
Numaş Teknoloji Üretim A.Ş.,Ankara,Mobilya
Nurol Makina ve Sanayi A.Ş.,Ankara,Savunma Sanayi
Nurol Teknoloji Sanayi ve Madencilik Ticaret A.Ş.,Ankara,Savunma Sanayi
Nursan Kablo Donanımları A.Ş.,Kütahya,Otomotiv Yan Sanayi
Nuvita İlaç Ve Kimya Sanayi Ticaret A.Ş.,İstanbul,İlaç
Nüve Sanayi Malzemeleri İmalat ve Ticaret Anonim Şirketi,Ankara,Makine ve Teçhizat İmalatı
Oba Perdesan Teknik Tekstil A.Ş.,Zonguldak,Tekstil
Obase Bilgisayar ve Danışmanlık Hizmetleri Ticaret A.Ş.,İstanbul,Yazılım
OBSS Teknoloji A.Ş.,Ankara,Yazılım
Odabaşı Makine Otomotiv A.Ş.,Diyarbakır,Otomotiv Yan Sanayi
Odc İş Çözümleri Danışmanlık Ticaret A. Ş.,İstanbul,Bilgisayar ve İletişim Teknolojileri
Odelo Otomotiv Aydınlatma Anonim Şirketi,Bursa,Otomotiv Yan Sanayi
Ok Kardeşler Treyler San. ve Tic. A.Ş. / Curiosity Center,Aydın,Otomotiv Tasarımı ve Mühendislik
Oksid Bilişim Teknoloji Sanayi ve Ticaret Anonim Şirketi,İstanbul,Bilgisayar ve İletişim Teknolojileri
Okuman Medikal Sistemler Anonim Şirketi,Ankara,Medikal
Olgun Çelik Sanayi ve Ticaret A.Ş. (I),Manisa,Otomotiv Yan Sanayi
Olgun Çelik Sanayi ve Ticaret A.Ş. (II),Manisa,Otomotiv Yan Sanayi
OMS Makina İmalat Sanayi ve Ticaret Limited Şirketi,Nevşehir,Otomotiv Yan Sanayi
Omtaş Otomotiv Transmisyon Aksamı Sanayi ve Ticaret A.Ş.,Kocaeli,Otomotiv Yan Sanayi
Onaran Fidecilik Ve Tarım Ürünleri Sanayi Ticaret Limited Şirketi,Antalya,Tarım
Ones Bilişim Teknolojileri Anonim Şirketi,Ankara,Bilgisayar ve İletişim Teknolojileri
Onko İlaç Sanayi ve Ticaret A.Ş.,Kocaeli,İlaç
Onur Yüksek Teknoloji A.Ş.,Ankara,Yazılım
Opsan Orijinal Sac Parça Sanayi Ticaret A.Ş.,Kocaeli,Otomotiv Yan Sanayi
Opsin Elektro Optik Sistemler Anonim Şirketi,Ankara,Savunma Sanayi
Optdcom Teknoloji Yatırım A.Ş.,İstanbul,Bilgisayar ve İletişim Teknolojileri
Optimum Süreç Tasarımı ve Uygulamaları Anonim Şirketi,Sakarya,Makine ve Teçhizat İmalatı
Optimus Solutions Teknoloji Üretim Sanayi Tic. A.Ş.,İstanbul,Elektronik
Orau Orhan Otomotiv Kontrol Sistemleri Sanayi A.Ş.,Bursa,Otomotiv Yan Sanayi
Ordulu Teknoloji Anonim Şirketi,Ankara,Yazılım
Organik Kimya Sanayi ve Ticaret A.Ş.,İstanbul,Kimya
Orge Grup Yapı Mobilya Anonim Şirketi,Aydın,Mobilya
Orion Innovation Bilgi Teknolojileri Anonim Şirketi,İstanbul,Bilgisayar ve İletişim Teknolojileri
Ormo Yün İplik Sanayi ve Ticaret A.Ş.,Bursa,Tekstil
Orta Anadolu Tic. ve San. İşl. T.A.Ş.,Kayseri,Tekstil
Ortadoğu Rulman Sanayi ve Tic. A.Ş.,Ankara,Otomotiv Yan Sanayi
Ortana Elektronik Yazılım Taahhüt Sanayi ve Ticaret A.Ş.,Ankara,Elektronik
Ortem Elektronik A.Ş.,Kocaeli,Elektronik
Oskim Otomotiv San. ve Tic. A.Ş.,Bursa,Otomotiv Yan Sanayi
Otokar Otomotiv ve Savunma Sanayi A.Ş.,Sakarya,Otomotiv
Otomatik Otopark Sistemleri San. Tic. A.Ş.,İstanbul,Makine ve Teçhizat İmalatı
Ottonom Mühendislik Çözümleri Tasarım Otomasyon Danışmanlık Anonim Şirketi,Bursa,Mühendislik/Mimarlık Faaliyetleri
OYAK - Renault Otomobil Fabrikaları A.Ş.,Bursa,Otomotiv
OYAK Çimento Fabrikaları A.Ş.,Denizli,Çimento ve Çimento Ürünleri
OYAK Horse Makine Ekipmanları Tic. San. A.Ş.,Bursa,Otomotiv
Ozanteks Tekstil San. ve Tic. A.Ş.,Denizli,Tekstil
Özdilek Ev Tekstil Sanayi ve Ticaret A.Ş.,Bursa,Yazılım
Özkan Demir Çelik Sanayi A.Ş.,İzmir,Demir ve Demir Dışı Metaller
Özkoç Hidrolik Makina San. ve Tic. A.Ş.,İstanbul,Makine ve Teçhizat İmalatı
Özler Plastik San. ve Tic. A.Ş.,İstanbul,Lastik-Plastik-Kauçuk
Özlü Mühendislik Proje Taahhüt Makine San.Tic.Ltd.Şti.,Bursa,İmalat Sanayi
Özsar Tekstil Gıda İnşaat Nak. San. ve Dış Tic. Ltd. Şti.,Tekirdağ,Tekstil
Öztaş Global Soğutma Teknolojileri ve Metal Sanayi Ticaret Anonim Şirketi,Manisa,İmalat Sanayi
Öztiryakiler Madeni Eşya Sanayi Ticaret Anonim Şirketi,İstanbul,Dayanıklı Tüketim Malları
Özyaşar Tel ve Galvanizleme Sanayi Anonim Şirketi,İstanbul,Demir ve Demir Dışı Metaller
P.M.S. Metal Profil Alüminyum San. ve Tic. A.Ş.,Bursa,İmalat Sanayi
Pak Gıda Üretim ve Pazarlama A.Ş.,Kocaeli,Gıda Sanayi
Paksan Makina Sanayi ve Ticaret A.Ş.,Balıkesir,Tarım
Pakten Sağlık Ürünleri San. Ve Tic. A.Ş.,Gaziantep,Kağıt ve Kağıt Ürünleri
Panasonic Electric Works Elektrik Sanayi ve Ticaret Anonim Şirketi,İstanbul,Elektronik
Panates Teknoloji Yatırım A.Ş.,İzmir,Bilgisayar ve İletişim Teknolojileri
Papilon Savunma Teknoloji ve Ticaret Anonim Şirketi,Ankara,Savunma Sanayi
Parkim Parfüm Plastik ve Kimya San. Ltd. Şti.,Kocaeli,Kozmetik ve Temizlik Ürünleri
Pars Ar Ge Bilgi Teknolojileri Elektronik Mühendislik ve Danışmanlık Hizmetleri Sanayi ve Ticaret Limited Şirketi,Kocaeli,Elektronik
Parsan Makina Parçaları Sanayii A.Ş.,Kocaeli,Otomotiv Yan Sanayi
Pas South East Europe San. ve Tic. Ltd. Şti.,Tekirdağ,İmalat Sanayi
Patika Global Teknoloji Bilgi Sistemleri ve Danışmanlık Hizmetleri A.Ş.,İstanbul,Yazılım
PayTR Ödeme ve Elektronik Para Kuruluşu A.Ş.,İzmir,Bankacılık ve Finans
Peakup Teknoloji A.Ş.,İstanbul,Yazılım
"Pe-ga Otomotiv Süspansiyon, Enerji, İnşaat, Gıda, Tarım ve Hayvancılık San. ve Tic. A.Ş.",Bursa,Otomotiv Yan Sanayi
Pelsan Tekstil Ürünleri San. ve Tic. A.Ş.,Tekirdağ,Tekstil
Penti Çorap San. Tic. A.Ş.,Tekirdağ,Tekstil
Petektar Tohum San. ve Tic. Ltd. Şti.,Antalya,Tarım
Petlas Lastik Sanayi ve Ticaret A.Ş.,Kırşehir,Lastik-Plastik-Kauçuk
Petrol Ofisi Anonim Şirketi,Kocaeli,Petrol ve Petrol Ürünleri
Petroyağ ve Kimyasalları San. ve Tic. A.Ş.,Kocaeli,Kimya
PGI Endüstriyel Sistemler İmalat ve Mühendislik A.Ş.,Kocaeli,Makine ve Teçhizat İmalatı
Phi Metal San. Ve Tic. A.Ş.,Kocaeli,Otomotiv Yan Sanayi
Pınar Entegre Et ve Un Sanayii Anonim Şirketi,İzmir,Gıda Sanayi
Pınar Süt Mamulleri Sanayii A.Ş.,İzmir,Gıda Sanayi
Pilenpak Ambalaj San. ve Tic. A.Ş.,Manisa,Ambalaj
Pilot Taşıt Koltukları Sanayi ve Ticaret A.Ş.,Bursa,Otomotiv Yan Sanayi
Pimakina Otomotiv İnş. Makina Paz. İhr. İth. San. Ve Tic. Ltd. Şti,Ankara,Makine ve Teçhizat İmalatı
Pimsa Otomotiv A.Ş.,Kocaeli,Otomotiv Yan Sanayi
Pimtaş Plastik İnşaat Malzemeleri San. Tic. A.Ş.,Kocaeli,Kimya
Pirelli Otomobil Lastikleri A.Ş.,Kocaeli,Otomotiv Yan Sanayi
Plastay Kimya Sanayi ve Ticaret A.Ş.,Kocaeli,Kimya
Plasti-Med Plastik Medikal Ürn. San. Tic. Ltd. Şti.,İstanbul,Sağlık
Pleksan Plastik Eşya Kalıp Sanayi A.Ş.,İstanbul,Lastik-Plastik-Kauçuk
Poıntr Bilişim A.Ş.,İstanbul,Yazılım
Polat Makina Sanayi ve Ticaret A.Ş.,Aydın,Makine ve Teçhizat İmalatı
Poleks Kimya Sanayi ve Ticaret A.Ş.,İstanbul,Kimya
Polen Un ve Gıda Katkı Maddeleri San. ve Tic. A.Ş.,İstanbul,Gıda Sanayi
Polgün Su Kaydırakları Oyun Parkları Ahşap Sanayii İnşaat Turizm İthalat İhracat Pazarlama Limited Şirketi,Muğla,Makine ve Teçhizat İmalatı
Polifarma İlaç Sanayi Ve Ticaret A.Ş.,Tekirdağ,İlaç
Polimer Kauçuk San. ve Paz. A.Ş.,Tekirdağ,Kimya
Polin Su Parkları Ve Havuz Sistemleri A.Ş.,Kocaeli,İmalat Sanayi
Polisan Kansai Boya Sanayi ve Ticaret A.Ş.,Kocaeli,Kimya
Polisan Kimya Sanayi A.Ş.,Kocaeli,Kimya
Poloptech Optik ve Uzay Sanayi Ticaret Anonim Şirketi,Ankara,Savunma Sanayi
Polyteks Tekstil Sanayi Araştırma ve Eğitim A.Ş.,Bursa,Tekstil
Pomega Enerji Depolama Teknolojileri A.Ş.,Ankara,Enerji
Porland Porselen San. ve Tic. A.Ş.,Bilecik,Seramik ve Refrakter
Power Elektronik San. ve Tic. A.Ş.,İstanbul,Elektronik
Probel Yazılım ve Bilişim Sistemleri Anonim Şirketi,İzmir,Yazılım
Profen Teknoloji Sanayi ve Ticaret Anonim Şirketi,İstanbul,Savunma Sanayi
Professionals Müh. ve Dan. Ltd. Şti.,İstanbul,Mühendislik/Mimarlık Faaliyetleri
Progen Tohum A.Ş.,Hatay,Tarım
Proimtech Sağlık Ürünleri A.Ş.,İstanbul,Sağlık
Proline Bilişim Sistemleri ve Ticaret A.Ş.,İstanbul,Bilgisayar ve İletişim Teknolojileri
Promec Mekanik Arge Mühendislik Yazılım Danışmanlık Medikal İnşaat San. ve Tic. Ltd. Şti.,Ankara,Savunma Sanayi
Prometal Hafif Metaller Doküm San. ve Tic. Ltd. Şti.,Bursa,Dökümcülük
Prometeon Turkey Endüstriyel ve Ticari Lastikler Anonim Şirketi,Kocaeli,Lastik-Plastik-Kauçuk
Pronet Güvenlik Hizmetleri A.Ş.,İstanbul,Bilgisayar ve İletişim Teknolojileri
Prosense Teknoloji Sanayi A.Ş.,İstanbul,Elektronik
Prosmh Makina Pazarlama Sanayi ve Ticaret Anonim Şirketi,Kocaeli,Makine ve Teçhizat İmalatı
Proted Protez Ortez Anonim Şirketi,Ankara,Sağlık
Protel Bilgisayar A.Ş.,İstanbul,Bilgisayar ve İletişim Teknolojileri
Psl Elek. San. ve Tic. A.Ş.,Antalya,Makine ve Teçhizat İmalatı
Pulver Kimya Sanayi ve Ticaret A.Ş.,Kocaeli,Kimya
Pusula Kurumsal İş Çözümleri Yazılım Danışmanlık Ve Ticaret Anonim Şirketi,İstanbul,Yazılım
Pürplast Otomotiv Sanayi ve Ticaret A.Ş.,Kocaeli,Otomotiv Yan Sanayi
Qnb Bank Anonim Şirketi,İstanbul,Bankacılık ve Finans
Radim Radyatör San. ve Tic.Ltd.Şti.,Eskişehir,İklimlendirme
Radkor Eğitim-Öğretim Sağlık Ürünleri Enerji Elektrik Elektronik ve Bilişim Teknolojileri Limited Şirketi,Ankara,Makine ve Teçhizat İmalatı
Rapsodo Yazılım Anonim Şirketi,İzmir,Bilgisayar ve İletişim Teknolojileri
Ravago Petrokimya Üretim A.Ş.,Kocaeli,Kimya
RC Endüstri Ulaşım Araçları A.Ş.,Sakarya,Makine ve Teçhizat İmalatı
Reaksiyon Kimya A.Ş.,Kocaeli,Petrol ve Petrol Ürünleri
Realkom Tekstil Ürünleri San. Paz. Dış. Tic. A.Ş.,Düzce,Tekstil
Rebul Kozmetik Sanayi ve Ticaret A.Ş.,Tekirdağ,Kozmetik ve Temizlik Ürünleri
Reeder Teknoloji Sanayi ve Tic. A.Ş.,Samsun,Bilgisayar ve İletişim Teknolojileri
Reengen Enerji Teknolojileri A.Ş.,İstanbul,Bilgisayar ve İletişim Teknolojileri
Rem Araştırma Hizmetleri Bilişim Sanayi Ticaret Anonim Şirketi,İstanbul,Yazılım
Renpro Enerji Mühendislik Ar-Ge Yazılım İç ve Dış Ticaret Limited Şirketi,Ankara,Elektronik
Renta Elektrikli Ev Aletleri San. ve Dış Tic. Ltd. Şti. (Pişirici),Eskişehir,Dayanıklı Tüketim Malları
Renta Elektrikli Ev Aletleri San. Ve Dış Tic. Ltd. Şti. (Yıkayıcı),Eskişehir,Dayanıklı Tüketim Malları
Repkon Makina ve Kalıp San. ve Tic. A.Ş.,İstanbul,Makine ve Teçhizat İmalatı
Robo Otomasyon Mühendislik Elektrik Makina Sanayi Ve Ticaret Anonim Şirketi,Kocaeli,Elektronik
Rokeron Otomotiv A.Ş.,Kocaeli,Otomotiv Yan Sanayi
Roketsan Roket Sanayii ve Ticaret A.Ş. (Bilkent Cyberpark),Ankara,Savunma Sanayi
Roketsan Roket Sanayii ve Ticaret A.Ş. (Elmadağ),Ankara,Savunma Sanayi
Roketsan Roket Sanayii ve Ticaret A.Ş. (Lalahan),Ankara,Savunma Sanayi
Roketsan Roket Sanayii ve Ticaret A.Ş. (Teknopark İstanbul),İstanbul,Savunma Sanayi
Rollmech Automotive San. ve Tic. A.Ş.,Bursa,Otomotiv Yan Sanayi
Roteks Tekstil İhracat Sanayi Ve Ticaret A.Ş.,İzmir,Tekstil
Rönesans Holding A.Ş.,Ankara,İnşaat
Rs İnternet Pazarlama Anonim Şirketi,İstanbul,Bilgisayar ve İletişim Teknolojileri
Rta Laboratuvarları Biyolojik Ürünler İlaç ve Makine San. Tic. A.Ş.,Kocaeli,Sağlık
RTC Kimya İthalat İhracat Sanayi ve Ticaret Ltd. Şti.,Kocaeli,Kimya
Rudolf Duraner Kimyevi Madde Tic. San. A.Ş.,Bursa,Kimya
S.y.k. Tekstil Sanayi Ve Ticaret Anonim Şirketi,Bursa,Tekstil
Saattek Yazılım Danışmanlık ve Ticaret Ltd. Şti.,Kastamonu,Bilgisayar ve İletişim Teknolojileri
Sabancı Dijital Teknoloji Hizmetleri A.Ş.,İstanbul,Yazılım
Safa Tarım A.Ş.,Konya,Kimya
Sağlam Metal Sanayi ve Ticaret A.Ş.,Kocaeli,Demir ve Demir Dışı Metaller
Sahabt Yazılım Danışmanlık ve Eğitim Anonim Şirketi,İstanbul,Yazılım
Sahibinden Bilgi Teknolojileri Paz. ve Tic. A.Ş.,İstanbul,Yazılım
Salmex Isı Sanayi ve Ticaret A.Ş.,Bursa,Makine ve Teçhizat İmalatı
Samet Kalıp Ve Madeni Eşya San. Ve Tic. A.Ş.,İstanbul,Mobilya
Samm Teknoloji İletişim San. ve Tic. A.Ş.,Kocaeli,Bilgisayar ve İletişim Teknolojileri
Sampa Otomotiv Sanayi ve Ticaret A.Ş.,Samsun,Otomotiv Yan Sanayi
Samsun Yurt Savunma Sanayi ve Ticaret Anonim Şirketi,Samsun,Savunma Sanayi
Samsung Electronics Elektronik San. ve Tic. Ltd. Şti.,Tekirdağ,Telekomünikasyon
Sanel Sanayi Elektroniği İmalat Ve Ticaret Anonim Şirketi,İstanbul,Otomotiv Yan Sanayi
Sanipak Sağlıklı Yaşam Ürünleri Sanayi ve Ticaret A.Ş.,Kocaeli,Kimya
Sanko Tekstil İşletmeleri Sanayi ve Ticaret A.Ş. (Gaziantep Şubesi),Gaziantep,Tekstil
Sanko Tekstil İşletmeleri Sanayi ve Ticaret A.Ş. (Havlu Şubesi),Gaziantep,Tekstil
Sanko Tekstil İşletmeleri Sanayi ve Ticaret A.Ş. (İsko Şubesi),Bursa,Tekstil
Sanovel İlaç San. ve Tic. A.Ş.,İstanbul,İlaç
Santa Farma İlaç Sanayi A.Ş.,Kocaeli,İlaç
Sarıbekir Ambalaj Sanayi ve Ticaret Anonim Şirketi,Balıkesir,Ambalaj
Sarıgözoğlu Hidrolik Makine ve Kalıp Sanayi ve Ticaret A.Ş.,Manisa,Otomotiv Yan Sanayi
Sarkuysan Elektrolitik Bakır Sanayi Ve Ticaret A.Ş.,Kocaeli,Dökümcülük
Sarsılmaz Silah Sanayi A.Ş.,Düzce,Savunma Sanayi
Sarten Ambalaj Sanayi ve Ticaret A.Ş.,İstanbul,Ambalaj
Saruhan Kimya ve Temizlik Ürünleri San. Tic. A.Ş.,Tekirdağ,Kimya
Sasa Polyester Sanayi A.Ş.,Adana,İmalat Sanayi
Savronik Elektronik Sanayi ve Ticaret A.Ş. (Ankara),Ankara,Elektronik
Savronik Elektronik Sanayi ve Ticaret A.Ş. (Eskişehir),Eskişehir,Elektronik
Sazcılar Otomotiv Sanayi ve Ticaret Anonim Şirketi,Bursa,Otomotiv Yan Sanayi
Sbs Bilimsel Bio Çözümler San. Ve Tic. A.Ş.,İstanbul,Gıda Sanayi
Securitas Teknoloji Hizmetleri Ticaret A.Ş.,İstanbul,Yazılım
Seçil Kauçuk Sanayi ve Ticaret Anonim Şirketi,Mersin,İmalat Sanayi
Sedef Gemi İnşaatı Anonim Şirketi,İstanbul,Denizcilik
Sefine Denizcilik Tersanecilik Turizm San. ve Tic. A.Ş.,Yalova,Denizcilik
Segmentify Yazılım Anonim Şirketi,İstanbul,Bilgisayar ve İletişim Teknolojileri
Seluz Kimya ve Kozmetik Sanayi A.Ş.,İstanbul,Kimya
Sem-As Gıda Turizm Sanayi ve Ticaret Limited Şirketi,Ankara,Gıda Sanayi
Sempa Pompa Makina A.Ş.,Konya,Makine ve Teçhizat İmalatı
Sentes-Bir Metalurji Kimya Enerji Üretim ve Geri Dönüşüm Teknolojileri Sanayi Ticaret Anonim Şirketi,İzmir,Demir ve Demir Dışı Metaller
Serdar Plastik San. ve Tic. A.Ş.,Ankara,İmalat Sanayi
Serkon Makina Sanayi ve Ticaret Anonim Şirketi,İstanbul,Makine ve Teçhizat İmalatı
Sertplas Oto Yan Sanayi ve Ticaret Anonim Şirketi,İstanbul,Otomotiv Yan Sanayi
Sertrans Uluslararası Nakliyat Ticaret Anonim Şirketi,İstanbul,Ulaştırma ve Lojistik
Sestek Ses ve İletişim Bilgisayar Tek. San. ve Tic. A.Ş. (Ankara),Ankara,Yazılım
Sestek Ses ve İletişim Bilgisayar Tek. San. ve Tic. A.Ş. (İstanbul),İstanbul,Bilgisayar ve İletişim Teknolojileri
Set Medikal Sanayi ve Ticaret A.Ş.,İstanbul,Medikal
Setaş Kimya Sanayi A.Ş.,Tekirdağ,Kimya
Setur Servis Turistik A.Ş.,İstanbul,Yazılım
Seval Kablo Aydınlatma Cihazları İthalat İhracat Sanayi ve Ticaret Anonim Şirketi,Aydın,Enerji
Seyir Mobil Yazılım Elektronik Otomasyon Sistemleri Sanayi ve Ticaret A.Ş.,Kocaeli,Yazılım
Sıo Automotıve Taşıt Yedek Parça Sanayi ve Ticaret A.Ş.,Tekirdağ,Otomotiv Yan Sanayi
Sibernetik Makina ve Otomasyon Uygulamaları San. Tic. Ltd. Şti.,Bursa,Makine ve Teçhizat İmalatı
Siemens Gamesa Renewable Enerji Anonim Şirketi,İzmir,Enerji
Siemens Sanayi ve Ticaret A.Ş. (Ankara Şubesi),Ankara,Yazılım
Siemens Sanayi ve Ticaret A.Ş. (İstanbul Şubesi),İstanbul,Yazılım
Silverline Endüstri ve Ticaret A.Ş.,Amasya,Dayanıklı Tüketim Malları
Sinerji Yüksek Teknoloji A.Ş.,Kırıkkale,Savunma Sanayi
Sinter Metal İmalat Sanayi A.Ş.,İstanbul,Otomotiv Yan Sanayi
Sipay Elektronik Para ve Ödeme Hizmetleri Anonim Şirketi,İstanbul,Bilgisayar ve İletişim Teknolojileri
Sirena Marine Denizcilik Sanayi ve Ticaret A.Ş.,Bursa,Denizcilik
Sisoft Sağlık Bilgi Sistemleri A.Ş.,Ankara,Yazılım
Sistem Teknik Endüstriyel Fırınlar A.Ş.,Kocaeli,Makine ve Teçhizat İmalatı
Sistem Teknik Makina Sanayi Ve Ticaret A.Ş.,İzmir,Makine ve Teçhizat İmalatı
Sistem Teknik Sanayi Fırınları A.Ş.,Kocaeli,Makine ve Teçhizat İmalatı
Skt Yedek Parça ve Makina Sanayi ve Ticaret A.Ş.,Bursa,Otomotiv Yan Sanayi
Smartiks Yazılım A.Ş.,İstanbul,Yazılım
SOCAR Turkey Araştırma Geliştirme ve İnovasyon Anonim Şirketi,İzmir,Petrol ve Petrol Ürünleri
Softtech Yazılım Teknolojileri Araştırma Geliştirme ve Pazarlama Tic. A.Ş.,İstanbul,Yazılım
Solıdıct Yazılım Danışmanlık Ve Bilişim Teknolojileri Ticaret Anonim Şirketi,İstanbul,Bilgisayar ve İletişim Teknolojileri
Solmaz Gümrük Müşavirliği Anonim Şirketi,İstanbul,Ulaştırma ve Lojistik
Sora Kozmetik San. Tic. A.Ş.,İstanbul,Kozmetik ve Temizlik Ürünleri
Sosyo Plus Bilgi Bilişim Teknolojileri Anonim Şirketi,İstanbul,Yazılım
Sönmez Transformatör Sanayi ve Ticaret Anonim Şirketi,Kocaeli,Enerji
Sözal Kimya Sanayi ve Ticaret Anonim Şirketi,Bursa,Kimya
Standard Profil Ege Otomotiv San. ve Tic. A.Ş. (Düzce Şubesi),Düzce,Otomotiv Yan Sanayi
Standard Profil Ege Otomotiv San. ve Tic. A.Ş. (Manisa Şubesi),Manisa,Otomotiv Yan Sanayi
Standart Pompa ve Makina Sanayi Ticaret A.Ş.,İstanbul,Makine ve Teçhizat İmalatı
STG Mühendislik Stratejik Teknolojiler Geliştirme ve Üretim A.Ş.,Ankara,Savunma Sanayi
STM Savunma Teknolojileri Mühendislik Ve Ticaret A.Ş.,Ankara,Savunma Sanayi
STM Savunma Teknolojileri Mühendislik ve Ticaret. A.Ş. (Ankara İleri Teknolojiler Ofisi),Ankara,Savunma Sanayi
Sun Chemical Matbaa Mürekkepleri ve Gereçleri Sanayi ve Ticaret Anonim Şirketi,İzmir,Kimya
Sun Tekstil Sanayi ve Ticaret A.Ş.,İzmir,Tekstil
Sunar Mısır Entegre Tesisleri San. ve Tic. A.Ş.,Adana,Gıda Sanayi
Supply Chain Wizard Teknolojı̇ Lı̇mı̇ted Şı̇rketi,İzmir,Yazılım
Supsan Motor Supapları Sanayii ve Ticaret A.Ş.,İstanbul,Otomotiv Yan Sanayi
Süper Film Ambalaj Sanayi ve Ticaret A.Ş.,Gaziantep,Ambalaj
Süperpar Otomotiv San. Tic. A.Ş.,İzmir,Otomotiv Yan Sanayi
Sütaş Süt Ürünleri A.Ş.,Bursa,Gıda Sanayi
Systemair Hsk Havalandırma Endüstri Sanayi ve Ticaret Anonim Şirketi,Kocaeli,İklimlendirme
Şafak Makina Yedek Parça San. ve Tic. A.Ş.,Düzce,Makine ve Teçhizat İmalatı
Şahinkul Makina ve Yedek Parça San. Tic. A.Ş.,Bursa,Otomotiv Yan Sanayi
Şampiyon Filtre Paz. Tic. ve San. A.Ş.,Hatay,Otomotiv Yan Sanayi
Şanmak Makina Sanayi ve Ticaret A.Ş.,Bursa,Makine ve Teçhizat İmalatı
Şara Enerji İnş. Tic. ve San. A.Ş.,Adana,Demir ve Demir Dışı Metaller
Şekeroğlu Kimya ve Plastik San. ve Tic. A.Ş.,Konya,Ambalaj
Şem Lastik Sanayi ve Ticaret A.Ş.,Bursa,Otomotiv Yan Sanayi
Şenmak Makina Sanayi Ve Ticaret A.Ş.,İstanbul,Makine ve Teçhizat İmalatı
Şiteks Şişmanlar Tekstil Sanayi ve Ticaret Anonim Şirketi,Tekirdağ,İmalat Sanayi
Şölen Çikolata Gıda San. ve Tic. A.Ş. (Gaziantep),Gaziantep,Gıda Sanayi
Şölen Çikolata Gıda San. ve Tic. A.Ş. (İstanbul),İstanbul,Gıda Sanayi
T.K.G Otomotiv Sanayi ve Ticaret Anonim Şirketi,Bursa,Otomotiv Yan Sanayi
T.t.g. Uluslararası Telekominikasyon İletişim Hizmetleri Ve Elekt. Tic. Ltd. Şti.,İstanbul,Yazılım
TAB İlaç Sanayi Anonim Şirketi,İstanbul,İlaç
Takosan Otomobil Göstergeleri Sanayi ve Ticaret A.Ş.,Kocaeli,Otomotiv Yan Sanayi
Taksan Makina Sanayi ve Ticaret A.Ş.,Kayseri,Makine ve Teçhizat İmalatı
Tam Finans Faktoring Anonim Şirketi,İstanbul,Bankacılık ve Finans
Tanatar Kalıp Pres İşleri San. ve Tic. Ltd. Şti.,Eskişehir,İmalat Sanayi
Tanpera Teknoloji Ve Endüstriyel Ürünler Sanayi Ve Ticaret Anonim Şirketi,İstanbul,Enerji
Tarım Kredi Tohumculuk A.Ş.,Balıkesir,Tarım
Tasaco Tarım Sanayi Ve Ticaret A.Ş.,Antalya,Tarım
Tat Gıda Sanayi A.Ş.,Bursa,Gıda Sanayi
Tat Gıda Sanayi A.Ş. (Bilgi Teknolojileri ve Dijital Dönüşüm Ofisi),İstanbul,Bilgisayar ve İletişim Teknolojileri
Tatilbudur Seyahat Acenteliği ve Turizm A.Ş.,İstanbul,Yazılım
Tav Bilişim Hizmetleri A.Ş.,İstanbul,Havacılık
Tayaş Gıda San. ve Tic. A.Ş.,Kocaeli,Gıda Sanayi
TCI Kabin İçi Sistemleri Sanayi ve Ticaret A.Ş.,İstanbul,Havacılık
Tece Dekor Kağıt Baskı Emprenye San. ve Tic. A.Ş.,Bursa,Mobilya
Techmax Technology Yazılım San. ve Tic. A.Ş.,İzmir,Elektronik
Tectone Teknoloji Sanayi ve Ticaret Anonim Şirketi,Mersin,Dayanıklı Tüketim Malları
Tekaydınlar Otomotiv Motorlu Araçlar ve Karoser San. Tic. A.Ş.,Bursa,Otomotiv Yan Sanayi
Tekkan Plastik Sanayi ve Ticaret A.Ş.,Kocaeli,Lastik-Plastik-Kauçuk
Teknik Balans Makina Sanayi ve Ticaret A.Ş.,İzmir,Makine ve Teçhizat İmalatı
Teknik Malzeme A.Ş.,Bursa,Otomotiv Yan Sanayi
Tekno Kauçuk Sanayii A.Ş.,Kocaeli,İmalat Sanayi
Tekno Yapı Kimyasalları San. ve Tic. A.Ş.,İstanbul,Çimento ve Çimento Ürünleri
Teknokar Savunma ve Havacılık A.Ş.,Ankara,Savunma Sanayi
Teknomelt Teknik Mensucat San. ve Tic. A.Ş.,Kahramanmaraş,Tekstil
Teknopalas Yüksek Teknoloji Sistemleri Anonim Şirketi,İstanbul,Bilgisayar ve İletişim Teknolojileri
Teknopanel Çatı ve Cephe Panelleri Üretim Sanayi ve Ticaret Anonim Şirketi,Mersin,İnşaat
Teknopar Endüstriyel Otomasyon A.Ş.,Ankara,Makine ve Teçhizat İmalatı
Teknorot Otomotiv Ürünleri San. Ve Tic. A.Ş.,Düzce,Otomotiv Yan Sanayi
Teknovet İlaç Sanayi ve Ticaret A.Ş.,Tekirdağ,İlaç
Teksan Jeneratör Elektrik Sanayi ve Ticaret A.Ş.,İstanbul,Makine ve Teçhizat İmalatı
Telateks Tekstil Ürünleri Sanayi ve Ticaret Anonim Şirketi,Manisa,Tekstil
Telcoset İleri Teknoloji Stratejik İş Geliştirme Danışmanlık Anonim Şirketi,İstanbul,Yazılım
Temsa Skoda Sabancı Ulaşım Araçları A.Ş.,Adana,Otomotiv
Temsan Makina ve Tekstil San. Tic. A.Ş.,Kahramanmaraş,Makine ve Teçhizat İmalatı
Tepe Betopan Yapı Malzemeleri Sanayi ve Ticaret Anonim Şirketi,Ankara,İmalat Sanayi
Teracity Yazılım Teknolojileri San. ve Tic. A.Ş.,Bursa,Yazılım
Tersan Tersanecilik San. ve Tic. A.Ş.,Yalova,Denizcilik
Tescom Elektronik Sanayi Ve Ticaret Anonim Şirketi,İzmir,Elektronik
Testinium Teknoloji Yazılım A.Ş.,İstanbul,Yazılım
Thales Bilişim Yazılım ve Danışmanlık Ticaret Limited Şirketi,Ankara,Bilgisayar ve İletişim Teknolojileri
THY Teknoloji ve Bilişim Anonim Şirketi (Halkalı Şubesi),İstanbul,Yazılım
THY Teknoloji ve Bilişim Anonim Şirketi (Kentpark Şubesi),Ankara,Bilgisayar ve İletişim Teknolojileri
THY Teknoloji ve Bilişim Anonim Şirketi (Libadiye Şubesi),İstanbul,Yazılım
Tırsan Treyler Sanayi ve Ticaret A.Ş. (Kocaeli Şubesi),Kocaeli,Otomotiv Yan Sanayi
Tırsan Treyler Sanayi ve Ticaret A.Ş. (Sakarya Şubesi),Sakarya,Otomotiv Yan Sanayi
Tirsan Kardan Sanayi ve Ticaret A.Ş.,Manisa,Otomotiv Yan Sanayi
Tisan Mühendislik Plastikleri Sanayi ve Ticaret Limited Şirketi,İstanbul,Lastik-Plastik-Kauçuk
Titan Makina Madencilik İnşaat İmalat İthalat İhracat Ve Ticaret Limited Şirketi,Ankara,Makine ve Teçhizat İmalatı
Tms Tüfekçioğlu Mühendislik Sanayi Ve Ticaret Anonim Şirketi,İstanbul,Makine ve Teçhizat İmalatı
TOFAŞ Türk Otomobil Fabrikası A.Ş. (Bursa Şubesi),Bursa,Otomotiv
TOFAŞ Türk Otomobil Fabrikası A.Ş. (İzmir Şubesi),İzmir,Yazılım
Token Finansal Teknolojiler A.Ş. (Ankara),Ankara,Bilgisayar ve İletişim Teknolojileri
Token Finansal Teknolojiler A.Ş. (İstanbul),İstanbul,Bilgisayar ve İletişim Teknolojileri
Toksan Yedek Parça İmalat Ticaret ve Sanayi A.Ş.,Bursa,Otomotiv Yan Sanayi
Tolkar Makina Sanayi Ve Ticaret A.Ş.,İzmir,Makine ve Teçhizat İmalatı
Toraman Tekstil Sanayi ve Ticaret A.Ş.,Tekirdağ,Tekstil
Toros Tarım Sanayi ve Ticaret Anonim Şirketi,Mersin,Tarım
Toros Tarım Sanayi ve Ticaret Anonim Şirketi (Adana Şubesi),Adana,Tarım
Torun Metal Anonim Şirketi,Kocaeli,Demir ve Demir Dışı Metaller
Tosçelik Profil ve Sac Endüstrisi A.Ş.,Osmaniye,Demir ve Demir Dışı Metaller
Tosunoğulları Mobilya Sanayi ve Ticaret A.Ş.,Konya,Mobilya
Toyo Matbaa Mürekkepleri San. ve Tic. A.Ş.,Manisa,Kimya
Toyotetsu Otomotiv Parçaları San. ve Tic. A.Ş.,Kocaeli,Otomotiv Yan Sanayi
Tören Gıda Sanayi ve Ticaret A.Ş.,Gaziantep,Gıda Sanayi
Tpı Kompozit Kanat Sanayi ve Ticaret A.Ş.,İzmir,İmalat Sanayi
TR Mekatronik Sistemler Sanayi Ve Ticaret A.Ş.,Düzce,Savunma Sanayi
Trabzon Silah Sanayi A.Ş.,Trabzon,Silah ve Mühimmat İmalatı
Transvaro Elektron Aletleri San. ve Tic. A.Ş. (İstanbul Şubesi),İstanbul,Savunma Sanayi
Transvaro Elektron Aletleri San. ve Tic. A.Ş. (Kahramankazan Şubesi),Ankara,Savunma Sanayi
Trex Dijital Akıllı Üretim Sistemleri Anonim Şirketi,Bursa,Yazılım
Triatech Tıbbi Sistemler San. ve Tic. A.Ş.,İzmir,Sağlık
Trio Mobil Bilişim Sistemleri A.Ş.,İstanbul,Otomotiv Yan Sanayi
Triodor Araştırma Geliştirme Yazılım Ve Bilişim Tic. Ltd. Şti.,İstanbul,Yazılım
Tron Elektronik Sistemler Sanayi Ve Ticaret Anonim Şirketi,İstanbul,Elektronik
Trustlife Ventures Lab Sağlık Teknolojileri A.Ş.,İstanbul,İlaç
Tst Rakor ve Tıbbi Alet. San. ve Tic. Ltd. Şti.,İstanbul,Sağlık
TT Mobil İletişim Hizmetleri A.Ş.,İstanbul,Telekomünikasyon
Tttech Auto Turkey Yazılım A.Ş.,İzmir,Bilgisayar ve İletişim Teknolojileri
Tualcom Elektronik Anonim Şirketi,Ankara,Elektronik
Tunay Gıda Sanayi ve Ticaret A.Ş.,Erzincan,Gıda Sanayi
Turaş Gaz Armatürleri San. Tic. A.Ş.,İstanbul,Makine ve Teçhizat İmalatı
Turgut İlaçları A.Ş.,Kocaeli,İlaç
Turkcell Ödeme ve Elektronik Para Hizmetleri Anonim Şirketi,İstanbul,Bilgisayar ve İletişim Teknolojileri
Turkcell Teknoloji Araştırma ve Geliştirme A.Ş.,İstanbul,Yazılım
Turknet İletişim Hizmetleri A.Ş.,İstanbul,Telekomünikasyon
Turktıpsan Sağlık Turizm Eğitim ve Ticaret A.Ş.,Ankara,İlaç
Turkuaz Sağlık Hizmetleri Medikal Temizlik Kimyasal Ürünler San. ve Tic. A.Ş.,İstanbul,Sağlık
Turkuaz Seramik Sanayi Ve Ticaret A.Ş.,Kayseri,Seramik ve Refrakter
Turkuaz Tekstil San. ve Tic. A.Ş.,Bursa,Tekstil
Turkuvaz Haberleşme ve Yayıncılık A.Ş.,İstanbul,Bilgisayar ve İletişim Teknolojileri
Tusaş - Türk Havacılık ve Uzay Sanayii A.Ş.,Ankara,Havacılık
Tusaş Motor Sanayii A.Ş. (TEİ),Eskişehir,Havacılık
Tüfekçioğulları Mak. Gıda İml. San. Ve Tic. Ltd. Şti.,Karaman,Makine ve Teçhizat İmalatı
Tüm Ekip İlaç Anonim Şirketi,İstanbul,İlaç
Tüm Elektronik Mühendislik Sanayi Ve Ticaret Limited Şirketi,İstanbul,Elektronik
Tümosan Teknoloji Mühendislik Sanayi Ticaret A.Ş.,İstanbul,Mühendislik/Mimarlık Faaliyetleri
Türk Demirdöküm Fabrikaları A.Ş.,Bilecik,İklimlendirme
Türk Hava Yolları Teknik A.Ş.,İstanbul,Havacılık
Türk Loydu Uygunluk Değerlendirme Hizmetleri A.Ş.,İstanbul,Denizcilik
Türk Prysmian Kablo Ve Sistemleri A.Ş.,Bursa,Enerji
Türk Telekomünikasyon A.Ş. (Ankara Şubesi),Ankara,Telekomünikasyon
Türk Telekomünikasyon A.Ş. (İstanbul Şubesi),İstanbul,Telekomünikasyon
Türk Traktör ve Ziraat Makineleri A.Ş. (Ankara),Ankara,Otomotiv
Türk Traktör ve Ziraat Makineleri A.Ş. (İstanbul),İstanbul,Otomotiv
Türkiye Finans Katılım Bankası A.Ş.,İstanbul,Bankacılık ve Finans
Türkiye Petrol Rafinerileri A.Ş. (TÜPRAŞ),Kocaeli,Petrol ve Petrol Ürünleri
Türkiye Petrolleri Anonim Ortaklığı,Ankara,Petrol ve Petrol Ürünleri
Türkiye Raylı Sistem Araçları Sanayii Anonim Şirketi (Eskişehir Bölge Müdürlüğü),Eskişehir,Makine ve Teçhizat İmalatı
Türkiye Raylı Sistem Araçları Sanayii Anonim Şirketi (Sakarya Bölge Müdürlüğü),Sakarya,Makine ve Teçhizat İmalatı
Türkiye Şişe Ve Cam Fabrikaları A.Ş.,Kocaeli,Cam ve Cam Ürünleri
Türkiye Ürün İhtisas Borsası Anonim Şirketi,Ankara,Bankacılık ve Finans
Türkiye Vakıflar Bankası T.A.O.,İstanbul,Bankacılık ve Finans
Türkkep Kayıtlı Elektronik Posta Hizmetleri A.Ş.,İstanbul,Bilgisayar ve İletişim Teknolojileri
"Türktrust Bilgi, İletişim ve Bilişim Güvenliği Hizmetleri A.Ş.",Ankara,Bilgisayar ve İletişim Teknolojileri
Uestco Enerji Sistemleri Ltd. Şti.,İstanbul,Elektronik
UFS Teknoloji A.Ş.,Kocaeli,Elektronik
Uğur Soğutma Makinaları Sanayi ve Ticaret A.Ş.,Aydın,İklimlendirme
Uğurlular Tekstil San. ve Tic. A.Ş.,Denizli,Tekstil
Ulak Haberleşme A.Ş.,Ankara,Telekomünikasyon
Ulaşım İç ve Dış Ticaret Anonim Şirketi,Bursa,Otomotiv
Ulkar Kimya Sanayi ve Ticaret A.Ş.,Tekirdağ,İlaç
Ultrapak Makina Sanayi ve Ticaret A.Ş.,İstanbul,Makine ve Teçhizat İmalatı
Uludağ İçecek Türk A.Ş.,Bursa,Gıda Sanayi
Ulus Metal Sanayi Ve Ticaret A.Ş.,Kocaeli,Otomotiv Yan Sanayi
Ulusoy Elektrik İmalat Taahhüt Tic. A.Ş.,Ankara,Enerji
Ulusoy Tekstil Sanayi ve Ticaret A.Ş.,Adana,Tekstil
Unilever Sanayi ve Ticaret Türk A.Ş. (Sarıgazi),İstanbul,Kimya
Unilever Sanayi ve Ticaret Türk A.Ş. (Ümraniye),İstanbul,Gıda Sanayi
Unimak Makina Sanayi Ve Ticaret Anonim Şirketi,Bursa,Makine ve Teçhizat İmalatı
Unirobotics Robotik Sistemler Sanayi ve Ticaret Anonim Şirketi,İstanbul,Savunma Sanayi
United Genetics Turkey Tohum Fide A.Ş.,Bursa,Tarım
Univera Bilgisayar Sistemleri San. ve Tic. A.Ş.,İzmir,Yazılım
Universal Yazılım A.Ş.,İstanbul,Bilgisayar ve İletişim Teknolojileri
Unmaş Unlu Mamüller Sanayi ve Ticaret A.Ş.,İstanbul,Gıda Sanayi
Unvest Araştırma Geliştirme Danışmanlık ve Ticaret Anonim Şirketi,İstanbul,Bilgisayar ve İletişim Teknolojileri
Uzer Makina ve Kalıp Sanayi A.Ş.,Kocaeli,Makine ve Teçhizat İmalatı
Uzman Bilişim Danışmanlık Anonim Şirketi,İstanbul,Yazılım
Uzman Kataforez Yüzey Kaplama San. Tic. A.Ş.,Bursa,Otomotiv Yan Sanayi
Uzun Hidrolik Sanayi ve Ticaret A.Ş.,Kocaeli,Makine ve Teçhizat İmalatı
Üçge Mağaza Ekipmanları Pazarlama Sanayi ve Ticaret Anonim Şirketi,Bursa,Makine ve Teçhizat İmalatı
Ülker Bisküvi San. A.Ş. Topkapı-1,İstanbul,Gıda Sanayi
Ülker Bisküvi Sanayi A.Ş.,Kocaeli,Gıda Sanayi
Ünika Üniversal Kablo San. ve Tic. A.Ş.,Tekirdağ,Elektronik
Üniteks Tekstil Gıda Sanayi Dış Ticaret A.Ş.,İzmir,Tekstil
"Ünsa Madencilik, Turizm, Enerji, Seramik, Orman Ürünleri, Elektrik Üretim San. ve Tic. A.Ş.",Kütahya,Seramik ve Refrakter
Ünsped Gümrük Müşavirliği ve Lojistik Hizmetler A.Ş.,İstanbul,Yazılım
Üntel Kabloları Sanayii ve Ticaret Anonim Şirketi,Kocaeli,İmalat Sanayi
Üntes Isıtma Klima Soğutma San. ve Tic. A.Ş.,Ankara,İklimlendirme
Ünver Grup Otomotiv Sanayi Ve Ticaret A.Ş.,Bursa,Otomotiv Yan Sanayi
Üstünel Pompa ve Makine San. Tic. A.Ş.,İzmir,Makine ve Teçhizat İmalatı
Vaden Otomotiv Sanayi ve Ticaret A.Ş.,Konya,Otomotiv Yan Sanayi
Vakıf Katılım Bankası A.Ş.,İstanbul,Bankacılık ve Finans
Valeo Otomotiv Sanayi Ve Ticaret A.Ş.,Bursa,Otomotiv Yan Sanayi
Valf Sanayii A.Ş.,Manisa,Makine ve Teçhizat İmalatı
Valfsel Armatür Sanayi A.Ş.,Manisa,Makine ve Teçhizat İmalatı
Vamet Medikal Sağlık Ürünleri ve Hizmetleri İthalat İhracat Sanayi ve Ticaret A.Ş.,Ankara,Medikal
Vansan Makina San. ve Tic. A.Ş.,İzmir,Makine ve Teçhizat İmalatı
Varaka Kağıt Sanayi A.Ş.,Balıkesir,Kağıt ve Kağıt Ürünleri
Vatan Kablo Metal End. ve Tic. A.Ş.,Tekirdağ,Elektronik
VBT Yazılım A.Ş.,İstanbul,Yazılım
Vefa İlaç Sanayi Ve Ticaret Anonim Şirketi,İstanbul,İlaç
Vega Network Teknolojileri San. ve Tic. Ltd. Şti.,İstanbul,Yazılım
Vektora Yazılım Teknolojileri A.Ş.,İstanbul,Yazılım
Vektör Teknoloji A.Ş.,İstanbul,Yazılım
Veli Akgün İnşaat Seramik Sanayi ve Ticaret Limited Şirketi,Eskişehir,Seramik ve Refrakter
Vem İlaç Sanayi ve Ticaret A.Ş.,Tekirdağ,İlaç
Ventura Yazılım A.Ş.,Ankara,Yazılım
Veritas Tekstil Konfeksiyon Pazarlama Sanayi Ticaret A.Ş.,Denizli,Tekstil
Vestel Beyaz Eşya Sanayi Ve Ticaret A.Ş.,Manisa,Dayanıklı Tüketim Malları
Vestel Elektronik Sanayi ve Ticaret A.Ş. (Ideca Mcbü Teknokent),Manisa,Elektronik
Vestel Elektronik Sanayi Ve Ticaret A.Ş. (Yazılım Merkezi),İzmir,Elektronik
Vestel Elektronik Sanayi ve Ticaret A.Ş.(1),Manisa,Elektronik
Vestel Elektronik Sanayi Ve Ticaret A.Ş.(2),Manisa,Elektronik
Vestel Mobilite Sanayi Ve Ticaret Anonim Şirketi,İzmir,Elektronik
Vetal Hayvan Sağlığı Ürünleri Anonim Şirketi,Adıyaman,Sağlık
Vezirköprü Orman Ürünleri ve Kağıt Sanayi A.Ş.,Samsun,Orman Ürünleri
Viessmann Manisa Isı Teknolojileri San. Ve Tic. Ltd. Şti.,Manisa,İklimlendirme
Viking Temizlik ve Kozmetik Ürün. Paz. San. ve Tic. A.Ş.,İzmir,Kimya
Virgosol Bilişim ve Yazılım Çözümleri Anonim Şirketi,İstanbul,Yazılım
Visan Vinç ve Hareket Sistemleri Sanayi ve Ticaret Limited Şirketi,Bilecik,Makine ve Teçhizat İmalatı
Vispera Bilgi Teknolojileri San. İç ve Dış Tic. A.Ş.,İstanbul,Yazılım
Vitrosens Biyoteknoloji Anonim Şirketi,İstanbul,Medikal
Vizyoneks Bilgi Teknolojileri A.Ş.,İstanbul,Bilgisayar ve İletişim Teknolojileri
Volkan İtfaiye Araçları Sanayi ve Ticaret A.Ş.,İzmir,Otomotiv
VOLO Kompozit ve Mühendislik Limited Şirketi,Ankara,Savunma Sanayi
Volt Elektrik Motor Sanayi Ve Ticaret A.Ş.,İzmir,Makine ve Teçhizat İmalatı
Vrlab Academy Yazılım Anonim Şirketi,İstanbul,Bilgisayar ve İletişim Teknolojileri
Vsy Biyoteknoloji Ve İlaç San. A.Ş.,İstanbul,Sağlık
Wat Motor Sanayi ve Ticaret A.Ş. (Çayırova Şubesi),İstanbul,Elektronik
Wat Motor Sanayi ve Ticaret A.Ş. (Çerkezköy Şubesi),Tekirdağ,Dayanıklı Tüketim Malları
Wipelot Teknoloji Sanayi Anonim Şirketi,İstanbul,Elektronik
World Medicine İlaç San. ve Tic. A.Ş.,İstanbul,İlaç
Yamas Yaşar Makina Kalıp Oto Yedek Parça Sanayi Ve Ticaret Anonim Şirketi,Bursa,Otomotiv Yan Sanayi
Yapı Merkezi İdis Mühendislik Sanayi Ve Ticaret Anonim Şirketi,İstanbul,Otomotiv Tasarımı ve Mühendislik
Yapı Ve Kredi Bankası A.Ş.,Kocaeli,Bankacılık ve Finans
Yataş Yatak ve Yorgan San. Tic. A.Ş.,Kayseri,Mobilya
Yayla Agro Gıda Sanayi ve Ticaret A.Ş.,Mersin,Gıda Sanayi
Yeditepe Ar-Ge ve Analiz Merkezi Ticaret A.Ş.,İstanbul,Sağlık
Yelken Kalıp Pencere Kapı Aksesuarları ve Metal Sanayi Ticaret Anonim Şirketi,İstanbul,Makine ve Teçhizat İmalatı
Yemmak Makina San. Tic. A.Ş.,Balıkesir,Makine ve Teçhizat İmalatı
Yemtar Makina San. ve Tic. A.Ş.,Balıkesir,Makine ve Teçhizat İmalatı
Yenar Döküm Sanayi ve Ticaret A.Ş.,Konya,Makine ve Teçhizat İmalatı
Yeni Mağazacılık Anonim Şirketi (A101),İstanbul,Perakendecilik
YEO Teknoloji Enerji ve Endüstri A.Ş.,İstanbul,Enerji
Yeşilova Holding A.Ş.,Bursa,Demir ve Demir Dışı Metaller
Yıldız Kalıp ve Teknoloji Anonim Şirketi,İstanbul,Otomotiv Yan Sanayi
Yılmaz Makine Sanayi ve Ticaret A.Ş.,Kocaeli,Makine ve Teçhizat İmalatı
Yılmaz Redüktör Sanayi ve Ticaret A.Ş.,İstanbul,Makine ve Teçhizat İmalatı
Yiğit Akü Malzemeleri Nakliyat Turizm İnşaat Sanayi ve Ticaret A.Ş.,Ankara,Otomotiv Yan Sanayi
Yorglass Cam Sanayi ve Ticaret Anonim Şirketi,Bolu,Cam ve Cam Ürünleri
Yönnet Bilişim Yazılım Eğitim Ve Danışmanlık Hizmetleri Ticaret Anonim Şirketi,İstanbul,Elektronik
Yörsan Süt ve Süt Ürünleri Sanayi ve Ticaret Anonim Şirketi,Balıkesir,Gıda Sanayi
Yörükoğlu Süt ve Ürünleri San. Tic. A.Ş.,Antalya,Gıda Sanayi
Yurtbay Seramik San. ve Tic. A.Ş.,Eskişehir,Seramik ve Refrakter
Yurtiçi Kargo Servisi A.Ş.,İstanbul,Ulaştırma ve Lojistik
Yüksel Proje A.Ş. (Ankara),Ankara,İnşaat
Yüksel Proje A.Ş. (İstanbul),İstanbul,Mühendislik/Mimarlık Faaliyetleri
Yüksel Seramik Sanayi ve Ticaret A.Ş.,Aydın,Seramik ve Refrakter
Yüksel Tohum Tarım San. ve Tic. A.Ş.,Antalya,Tarım
Yünsa Yünlü Sanayi ve Ticaret A.Ş.,Tekirdağ,Tekstil
Zahit Alüminyum San. ve Tic. A.Ş.,Adana,İmalat Sanayi
Zf Lemförder Aks Modülleri Sanayi Ve Ticaret A.Ş.,İzmir,Otomotiv Yan Sanayi
Zorluteks Tekstil Ticaret Ve Sanayi A.Ş.,Kırklareli,Tekstil